timestamp,pod_count,cpu_usage_millicores,memory_usage_mib
2025-09-01T10:09:46.036457,8,8,193
2025-09-01T10:09:48.303185,8,8,193
2025-09-01T10:09:50.531378,8,8,193
2025-09-01T10:09:52.830806,8,8,193
2025-09-01T10:09:55.056364,8,8,193
2025-09-01T10:09:57.269028,8,8,193
2025-09-01T10:09:59.528300,8,35,200
2025-09-01T10:10:01.741069,8,35,200
2025-09-01T10:10:03.977764,8,35,200
2025-09-01T10:10:06.195270,8,35,200
2025-09-01T10:10:08.409274,8,35,200
2025-09-01T10:10:10.699849,8,35,200
2025-09-01T10:10:12.966302,8,35,200
2025-09-01T10:10:15.225726,8,95,213
2025-09-01T10:10:17.427828,8,95,213
2025-09-01T10:10:19.667903,8,95,213
2025-09-01T10:10:21.892870,8,95,213
2025-09-01T10:10:24.144893,8,95,213
2025-09-01T10:10:26.635320,8,95,213
2025-09-01T10:10:28.901619,8,107,222
2025-09-01T10:10:31.125479,8,107,222
2025-09-01T10:10:33.365734,8,107,222
2025-09-01T10:10:35.599952,8,107,222
2025-09-01T10:10:38.022651,8,107,222
2025-09-01T10:10:40.241731,8,107,222
2025-09-01T10:10:42.467008,8,107,222
2025-09-01T10:10:44.851552,8,107,227
2025-09-01T10:10:47.066777,8,107,227
2025-09-01T10:10:49.294971,8,107,227
2025-09-01T10:10:51.497784,8,107,227
2025-09-01T10:10:53.720954,8,107,227
2025-09-01T10:10:56.639103,8,107,227
2025-09-01T10:10:58.936298,8,98,236
2025-09-01T10:11:01.146879,8,98,236
2025-09-01T10:11:03.408751,8,98,236
2025-09-01T10:11:05.619286,8,98,236
2025-09-01T10:11:07.865814,8,98,236
2025-09-01T10:11:10.101614,8,98,236
2025-09-01T10:11:12.338282,8,98,236
2025-09-01T10:11:14.564032,8,98,239
2025-09-01T10:11:16.796211,8,98,239
2025-09-01T10:11:19.095444,8,98,239
2025-09-01T10:11:21.501290,8,98,239
2025-09-01T10:11:23.789828,8,98,239
2025-09-01T10:11:26.054056,8,98,239
2025-09-01T10:11:28.273751,8,104,240
2025-09-01T10:11:30.591679,8,104,240
2025-09-01T10:11:32.832173,8,104,240
2025-09-01T10:11:35.081781,8,104,240
2025-09-01T10:11:37.343805,8,104,240
2025-09-01T10:11:39.831565,8,104,240
2025-09-01T10:11:42.065766,8,104,240
2025-09-01T10:11:44.278966,8,105,241
2025-09-01T10:11:46.566449,8,105,241
2025-09-01T10:11:49.146539,8,105,241
2025-09-01T10:11:51.358040,8,105,241
2025-09-01T10:11:53.826819,8,105,241
2025-09-01T10:11:56.026137,8,105,241
2025-09-01T10:11:58.233679,8,92,243
2025-09-01T10:12:00.447462,8,92,243
2025-09-01T10:12:02.694639,8,92,243
2025-09-01T10:12:04.911790,8,92,243
2025-09-01T10:12:07.156408,8,92,243
2025-09-01T10:12:09.385127,8,92,243
2025-09-01T10:12:11.830968,8,92,243
2025-09-01T10:12:14.042050,8,90,243
2025-09-01T10:12:16.251834,8,90,243
2025-09-01T10:12:18.454381,8,90,243
2025-09-01T10:12:20.681755,8,90,243
2025-09-01T10:12:22.911142,8,90,243
2025-09-01T10:12:25.126456,8,90,243
2025-09-01T10:12:27.334407,8,90,243
2025-09-01T10:12:29.545757,8,95,244
2025-09-01T10:12:31.779440,8,95,244
2025-09-01T10:12:34.021273,8,95,244
2025-09-01T10:12:36.231951,8,95,244
2025-09-01T10:12:38.444629,8,95,244
2025-09-01T10:12:40.661310,8,95,244
2025-09-01T10:12:42.918133,8,95,244
2025-09-01T10:12:45.177744,8,100,243
2025-09-01T10:12:47.454849,8,100,243
2025-09-01T10:12:49.812375,8,100,243
2025-09-01T10:12:52.086802,8,100,243
2025-09-01T10:12:54.345721,8,100,243
2025-09-01T10:12:56.632905,8,100,243
2025-09-01T10:12:58.831638,8,94,244
2025-09-01T10:13:01.062590,8,94,244
2025-09-01T10:13:03.317778,8,94,244
2025-09-01T10:13:05.565227,8,94,244
2025-09-01T10:13:07.801901,8,94,244
2025-09-01T10:13:10.029891,8,94,244
2025-09-01T10:13:12.297802,8,94,244
2025-09-01T10:13:14.526077,8,106,244
2025-09-01T10:13:16.739320,8,106,244
2025-09-01T10:13:18.961797,8,106,244
2025-09-01T10:13:21.205813,8,106,244
2025-09-01T10:13:23.459976,8,106,244
2025-09-01T10:13:25.697743,8,106,244
2025-09-01T10:13:27.949798,8,106,244
2025-09-01T10:13:30.246994,8,182,249
2025-09-01T10:13:32.532198,8,182,249
2025-09-01T10:13:34.808570,8,182,249
2025-09-01T10:13:37.018539,8,182,249
2025-09-01T10:13:39.253732,8,182,249
2025-09-01T10:13:41.482657,8,182,249
2025-09-01T10:13:43.697773,8,191,252
2025-09-01T10:13:46.301752,8,191,252
2025-09-01T10:13:48.519063,8,191,252
2025-09-01T10:13:50.746238,8,191,252
2025-09-01T10:13:53.092413,8,191,252
2025-09-01T10:13:55.320918,8,191,252
2025-09-01T10:13:57.623380,8,191,252
2025-09-01T10:13:59.874065,8,175,253
2025-09-01T10:14:02.077747,8,175,253
2025-09-01T10:14:04.333758,8,175,253
2025-09-01T10:14:06.650192,8,175,253
2025-09-01T10:14:08.916594,8,175,253
2025-09-01T10:14:11.160031,8,175,253
2025-09-01T10:14:13.384214,8,162,254
2025-09-01T10:14:15.657552,8,162,254
2025-09-01T10:14:17.867614,8,162,254
2025-09-01T10:14:20.093228,8,162,254
2025-09-01T10:14:22.328623,8,162,254
2025-09-01T10:14:24.531109,8,162,254
2025-09-01T10:14:26.743597,8,162,254
2025-09-01T10:14:28.981763,8,182,256
2025-09-01T10:14:31.199907,8,182,256
2025-09-01T10:14:33.480282,8,182,256
2025-09-01T10:14:35.690787,8,182,256
2025-09-01T10:14:37.991595,8,182,256
2025-09-01T10:14:40.229737,8,182,256
2025-09-01T10:14:42.482395,8,182,256
2025-09-01T10:14:44.708161,8,179,257
2025-09-01T10:14:46.950818,8,179,257
2025-09-01T10:14:49.156925,8,179,257
2025-09-01T10:14:51.498223,8,179,257
2025-09-01T10:14:53.790811,8,179,257
2025-09-01T10:14:56.057754,8,179,257
2025-09-01T10:14:58.300502,8,186,257
2025-09-01T10:15:00.521533,8,186,257
2025-09-01T10:15:02.859849,8,186,257
2025-09-01T10:15:05.071414,8,186,257
2025-09-01T10:15:07.308010,8,186,257
2025-09-01T10:15:09.545765,8,186,257
2025-09-01T10:15:11.796539,8,186,257
2025-09-01T10:15:14.062944,8,162,258
2025-09-01T10:15:16.794000,8,162,258
2025-09-01T10:15:19.015633,8,162,258
2025-09-01T10:15:21.368595,8,162,258
2025-09-01T10:15:23.640527,8,162,258
2025-09-01T10:15:25.881807,8,162,258
2025-09-01T10:15:28.098030,8,172,261
2025-09-01T10:15:30.529746,8,172,261
2025-09-01T10:15:32.760073,8,172,261
2025-09-01T10:15:35.037781,8,172,261
2025-09-01T10:15:37.280494,8,172,261
2025-09-01T10:15:39.510676,8,172,261
2025-09-01T10:15:41.785080,8,172,261
2025-09-01T10:15:44.031067,8,181,258
2025-09-01T10:15:46.235847,8,181,258
2025-09-01T10:15:48.439582,8,181,258
2025-09-01T10:15:50.669325,8,181,258
2025-09-01T10:15:52.933773,8,181,258
2025-09-01T10:15:55.144096,8,181,258
2025-09-01T10:15:57.357839,8,181,258
2025-09-01T10:15:59.592765,8,174,258
2025-09-01T10:16:01.836766,8,174,258
2025-09-01T10:16:04.062575,8,174,258
2025-09-01T10:16:06.263957,8,174,258
2025-09-01T10:16:08.477513,8,174,258
2025-09-01T10:16:10.691649,8,174,258
2025-09-01T10:16:13.121897,8,134,259
2025-09-01T10:16:15.644958,8,134,259
2025-09-01T10:16:17.900507,8,134,259
2025-09-01T10:16:20.170758,8,134,259
2025-09-01T10:16:22.681856,8,134,259
2025-09-01T10:16:24.918661,8,134,259
2025-09-01T10:16:27.198514,8,134,259
2025-09-01T10:16:29.894876,8,186,259
2025-09-01T10:16:32.146314,8,186,259
2025-09-01T10:16:34.378982,8,186,259
2025-09-01T10:16:36.686252,8,186,259
2025-09-01T10:16:39.021412,8,186,259
2025-09-01T10:16:41.249753,8,186,259
2025-09-01T10:16:43.561767,8,255,263
2025-09-01T10:16:45.829786,8,255,263
2025-09-01T10:16:48.061750,8,255,263
2025-09-01T10:16:50.315545,8,255,263
2025-09-01T10:16:52.629007,8,255,263
2025-09-01T10:16:54.881961,8,255,263
2025-09-01T10:16:57.123880,8,255,263
2025-09-01T10:16:59.433439,8,273,263
2025-09-01T10:17:01.665771,8,273,263
2025-09-01T10:17:04.099341,8,273,263
2025-09-01T10:17:06.864026,8,273,263
2025-09-01T10:17:09.160782,8,273,263
2025-09-01T10:17:11.620099,8,273,263
2025-09-01T10:17:13.857788,8,257,265
2025-09-01T10:17:16.107515,8,257,265
2025-09-01T10:17:18.333770,8,257,265
2025-09-01T10:17:20.651340,8,257,265
2025-09-01T10:17:22.989757,8,257,265
2025-09-01T10:17:25.256522,8,257,265
2025-09-01T10:17:27.510706,8,257,265
2025-09-01T10:17:29.847950,8,225,264
2025-09-01T10:17:32.108692,8,225,264
2025-09-01T10:17:34.351553,8,225,264
2025-09-01T10:17:36.737744,8,225,264
2025-09-01T10:17:39.001725,8,225,264
2025-09-01T10:17:41.261820,8,225,264
2025-09-01T10:17:43.569406,8,260,267
2025-09-01T10:17:45.819752,8,260,267
2025-09-01T10:17:48.053791,8,260,267
2025-09-01T10:17:50.277846,8,260,267
2025-09-01T10:17:52.524157,8,260,267
2025-09-01T10:17:54.808606,8,260,267
2025-09-01T10:17:57.098234,8,260,267
2025-09-01T10:17:59.335374,8,248,268
2025-09-01T10:18:01.562585,8,248,268
2025-09-01T10:18:03.826814,8,248,268
2025-09-01T10:18:06.065766,8,248,268
2025-09-01T10:18:08.328313,8,248,268
2025-09-01T10:18:10.551416,8,248,268
2025-09-01T10:18:13.015442,8,259,268
2025-09-01T10:18:15.317849,8,259,268
2025-09-01T10:18:17.543211,8,259,268
2025-09-01T10:18:19.849603,8,259,268
2025-09-01T10:18:22.101784,8,259,268
2025-09-01T10:18:24.353762,8,259,268
2025-09-01T10:18:27.054794,8,259,268
2025-09-01T10:18:29.294493,8,233,269
2025-09-01T10:18:31.677079,8,233,269
2025-09-01T10:18:33.916553,8,233,269
2025-09-01T10:18:36.170138,8,233,269
2025-09-01T10:18:38.445691,8,233,269
2025-09-01T10:18:40.673830,8,233,269
2025-09-01T10:18:42.959511,8,233,269
2025-09-01T10:18:45.232762,8,251,273
2025-09-01T10:18:47.445855,8,251,273
2025-09-01T10:18:49.685728,8,251,273
2025-09-01T10:18:51.942445,8,251,273
2025-09-01T10:18:54.257751,8,251,273
2025-09-01T10:18:56.577757,8,251,273
2025-09-01T10:18:58.812553,8,244,274
2025-09-01T10:19:01.054428,8,244,274
2025-09-01T10:19:03.310102,8,244,274
2025-09-01T10:19:05.536486,8,244,274
2025-09-01T10:19:07.751590,8,244,274
2025-09-01T10:19:09.987403,8,244,274
2025-09-01T10:19:12.253840,8,244,274
2025-09-01T10:19:14.485729,8,241,274
2025-09-01T10:19:16.717204,8,241,274
2025-09-01T10:19:18.915517,8,241,274
2025-09-01T10:19:21.120525,8,241,274
2025-09-01T10:19:23.372477,8,241,274
2025-09-01T10:19:25.653765,8,241,274
2025-09-01T10:19:27.914207,8,167,274
2025-09-01T10:19:30.208599,8,167,274
2025-09-01T10:19:32.485821,8,167,274
2025-09-01T10:19:34.789770,8,167,274
2025-09-01T10:19:37.067846,8,167,274
2025-09-01T10:19:39.338517,8,167,274
2025-09-01T10:19:41.569751,8,167,274
2025-09-01T10:19:43.800401,8,272,274
2025-09-01T10:19:46.392827,8,272,274
2025-09-01T10:19:48.769777,8,272,274
2025-09-01T10:19:51.035952,8,272,274
2025-09-01T10:19:53.318520,8,272,274
2025-09-01T10:19:55.569940,8,272,274
2025-09-01T10:19:57.915772,8,322,278
2025-09-01T10:20:00.202771,8,322,278
2025-09-01T10:20:02.473827,8,322,278
2025-09-01T10:20:04.785999,8,322,278
2025-09-01T10:20:07.051401,8,322,278
2025-09-01T10:20:09.341538,8,322,278
2025-09-01T10:20:11.598268,8,322,278
2025-09-01T10:20:13.890218,8,331,275
2025-09-01T10:20:16.150055,8,331,275
2025-09-01T10:20:18.381801,8,331,275
2025-09-01T10:20:20.727067,8,331,275
2025-09-01T10:20:23.089984,8,331,275
2025-09-01T10:20:25.554688,8,331,275
2025-09-01T10:20:27.957529,8,308,279
2025-09-01T10:20:30.249793,8,308,279
2025-09-01T10:20:32.503227,8,308,279
2025-09-01T10:20:34.781775,8,308,279
2025-09-01T10:20:37.064593,8,308,279
2025-09-01T10:20:39.325869,8,308,279
2025-09-01T10:20:41.590025,8,308,279
2025-09-01T10:20:43.903744,8,299,279
2025-09-01T10:20:46.145611,8,299,279
2025-09-01T10:20:48.400150,8,299,279
2025-09-01T10:20:50.814424,8,299,279
2025-09-01T10:20:53.125156,8,299,279
2025-09-01T10:20:55.554614,8,299,279
2025-09-01T10:20:57.862615,8,329,282
2025-09-01T10:21:00.209784,8,329,282
2025-09-01T10:21:02.473800,8,329,282
2025-09-01T10:21:04.782016,8,329,282
2025-09-01T10:21:07.033248,8,329,282
2025-09-01T10:21:09.386263,8,329,282
2025-09-01T10:21:11.620359,8,329,282
2025-09-01T10:21:13.885722,8,348,280
2025-09-01T10:21:16.113807,8,348,280
2025-09-01T10:21:18.394095,8,348,280
2025-09-01T10:21:20.864068,8,348,280
2025-09-01T10:21:23.211929,8,348,280
2025-09-01T10:21:25.445759,8,348,280
2025-09-01T10:21:27.701797,8,348,280
2025-09-01T10:21:29.928116,8,330,283
2025-09-01T10:21:32.164413,8,330,283
2025-09-01T10:21:34.519986,8,330,283
2025-09-01T10:21:36.771029,8,330,283
2025-09-01T10:21:39.017051,8,330,283
2025-09-01T10:21:41.298207,8,330,283
2025-09-01T10:21:43.565828,8,307,286
2025-09-01T10:21:45.833883,8,307,286
2025-09-01T10:21:48.136584,8,307,286
2025-09-01T10:21:50.396873,8,307,286
2025-09-01T10:21:52.970186,8,307,286
2025-09-01T10:21:55.210176,8,307,286
2025-09-01T10:21:57.454414,8,307,286
2025-09-01T10:21:59.695486,8,322,282
2025-09-01T10:22:01.941827,8,322,282
2025-09-01T10:22:04.235894,8,322,282
2025-09-01T10:22:06.545232,8,322,282
2025-09-01T10:22:08.794238,8,322,282
2025-09-01T10:22:11.037341,8,322,282
2025-09-01T10:22:13.261881,8,330,286
2025-09-01T10:22:15.511855,8,330,286
2025-09-01T10:22:17.783091,8,330,286
2025-09-01T10:22:20.057219,8,330,286
2025-09-01T10:22:22.335389,8,330,286
2025-09-01T10:22:24.587547,8,330,286
2025-09-01T10:22:26.846632,8,330,286
2025-09-01T10:22:29.054820,8,302,287
2025-09-01T10:22:31.266308,8,302,287
2025-09-01T10:22:33.537805,8,302,287
2025-09-01T10:22:35.834892,8,302,287
2025-09-01T10:22:38.089941,8,302,287
2025-09-01T10:22:40.340062,8,302,287
2025-09-01T10:22:42.565808,8,302,287
2025-09-01T10:22:44.817883,8,193,288
2025-09-01T10:22:47.067797,8,193,288
2025-09-01T10:22:49.318513,8,193,288
2025-09-01T10:22:51.604609,8,193,288
2025-09-01T10:22:53.937406,8,193,288
2025-09-01T10:22:56.218688,8,193,288
2025-09-01T10:22:58.490486,8,355,290
2025-09-01T10:23:00.739872,8,355,290
2025-09-01T10:23:03.037786,8,355,290
2025-09-01T10:23:05.309011,8,355,290
2025-09-01T10:23:07.666555,8,355,290
2025-09-01T10:23:09.911601,8,355,290
2025-09-01T10:23:12.170295,8,355,290
2025-09-01T10:23:14.412376,8,391,290
2025-09-01T10:23:16.736860,8,391,290
2025-09-01T10:23:18.999853,8,391,290
2025-09-01T10:23:21.241410,8,391,290
2025-09-01T10:23:23.485518,8,391,290
2025-09-01T10:23:25.760550,8,391,290
2025-09-01T10:23:28.308427,8,372,297
2025-09-01T10:23:30.629753,8,372,297
2025-09-01T10:23:32.907254,8,372,297
2025-09-01T10:23:35.185274,8,372,297
2025-09-01T10:23:37.447073,8,372,297
2025-09-01T10:23:39.757740,8,372,297
2025-09-01T10:23:42.029456,8,372,297
2025-09-01T10:23:44.356513,8,346,296
2025-09-01T10:23:46.730684,8,346,296
2025-09-01T10:23:49.013735,8,346,296
2025-09-01T10:23:51.293787,8,346,296
2025-09-01T10:23:53.596406,8,346,296
2025-09-01T10:23:55.881861,8,346,296
2025-09-01T10:23:58.193825,8,362,296
2025-09-01T10:24:00.445779,8,362,296
2025-09-01T10:24:02.694083,8,362,296
2025-09-01T10:24:05.193013,8,362,296
2025-09-01T10:24:07.397843,8,362,296
2025-09-01T10:24:09.657782,8,362,296
2025-09-01T10:24:11.988613,8,362,296
2025-09-01T10:24:14.288848,8,388,298
2025-09-01T10:24:16.677725,8,388,298
2025-09-01T10:24:18.898566,8,388,298
2025-09-01T10:24:21.149737,8,388,298
2025-09-01T10:24:23.401812,8,388,298
2025-09-01T10:24:25.685754,8,388,298
2025-09-01T10:24:27.993754,8,386,300
2025-09-01T10:24:30.313803,8,386,300
2025-09-01T10:24:32.551453,8,386,300
2025-09-01T10:24:34.819410,8,386,300
2025-09-01T10:24:37.026869,8,386,300
2025-09-01T10:24:39.279533,8,386,300
2025-09-01T10:24:41.569389,8,386,300
2025-09-01T10:24:43.873342,8,347,300
2025-09-01T10:24:46.117779,8,347,300
2025-09-01T10:24:48.418668,8,347,300
2025-09-01T10:24:50.656183,8,347,300
2025-09-01T10:24:52.921168,8,347,300
2025-09-01T10:24:55.173204,8,347,300
2025-09-01T10:24:57.415085,8,347,300
2025-09-01T10:24:59.657908,8,340,303
2025-09-01T10:25:01.884396,8,340,303
2025-09-01T10:25:04.157864,8,340,303
2025-09-01T10:25:06.393930,8,340,303
2025-09-01T10:25:08.657761,8,340,303
2025-09-01T10:25:10.925427,8,340,303
2025-09-01T10:25:13.228050,8,351,303
2025-09-01T10:25:15.529758,8,351,303
2025-09-01T10:25:17.892306,8,351,303
2025-09-01T10:25:20.485862,8,351,303
2025-09-01T10:25:22.729922,8,351,303
2025-09-01T10:25:25.037881,8,351,303
2025-09-01T10:25:27.262761,8,351,303
2025-09-01T10:25:29.553718,8,360,305
2025-09-01T10:25:31.818631,8,360,305
2025-09-01T10:25:34.092562,8,360,305
2025-09-01T10:25:36.409764,8,360,305
2025-09-01T10:25:38.691971,8,360,305
2025-09-01T10:25:40.917787,8,360,305
2025-09-01T10:25:43.224738,8,346,305
2025-09-01T10:25:45.465769,8,346,305
2025-09-01T10:25:47.697807,8,346,305
2025-09-01T10:25:49.985795,8,346,305
2025-09-01T10:25:52.227099,8,346,305
2025-09-01T10:25:54.519292,8,346,305
2025-09-01T10:25:56.788212,8,346,305
2025-09-01T10:25:59.098761,8,274,308
2025-09-01T10:26:01.354065,8,274,308
2025-09-01T10:26:03.615326,8,274,308
2025-09-01T10:26:06.061810,8,274,308
2025-09-01T10:26:08.374293,8,274,308
2025-09-01T10:26:10.605811,8,274,308
2025-09-01T10:26:13.034864,8,468,310
2025-09-01T10:26:15.346655,8,468,310
2025-09-01T10:26:17.629888,8,468,310
2025-09-01T10:26:19.928532,8,468,310
2025-09-01T10:26:22.189779,8,468,310
2025-09-01T10:26:24.469853,8,468,310
2025-09-01T10:26:26.850130,8,468,310
2025-09-01T10:26:29.109921,8,463,308
2025-09-01T10:26:31.382297,8,463,308
2025-09-01T10:26:33.648462,8,463,308
2025-09-01T10:26:35.949786,8,463,308
2025-09-01T10:26:38.229760,8,463,308
2025-09-01T10:26:40.537792,8,463,308
2025-09-01T10:26:42.891644,8,463,308
2025-09-01T10:26:45.202304,8,478,310
2025-09-01T10:26:47.429785,8,478,310
2025-09-01T10:26:49.813808,8,478,310
2025-09-01T10:26:52.092970,8,478,310
2025-09-01T10:26:54.500233,8,478,310
2025-09-01T10:26:56.821837,8,478,310
2025-09-01T10:26:59.232829,8,415,310
2025-09-01T10:27:01.570142,8,415,310
2025-09-01T10:27:03.830615,8,415,310
2025-09-01T10:27:06.132087,8,415,310
2025-09-01T10:27:08.373910,8,415,310
2025-09-01T10:27:10.738422,8,415,310
2025-09-01T10:27:13.189846,8,469,312
2025-09-01T10:27:15.525085,8,469,312
2025-09-01T10:27:17.938091,8,469,312
2025-09-01T10:27:20.186517,8,469,312
2025-09-01T10:27:22.482965,8,469,312
2025-09-01T10:27:24.739847,8,469,312
2025-09-01T10:27:27.190966,8,469,312
2025-09-01T10:27:29.439917,8,449,310
2025-09-01T10:27:31.768430,8,449,310
2025-09-01T10:27:34.029831,8,449,310
2025-09-01T10:27:36.281057,8,449,310
2025-09-01T10:27:38.541733,8,449,310
2025-09-01T10:27:40.824414,8,449,310
2025-09-01T10:27:43.209336,8,449,312
2025-09-01T10:27:45.549722,8,449,312
2025-09-01T10:27:47.780783,8,449,312
2025-09-01T10:27:50.040870,8,449,312
2025-09-01T10:27:52.327931,8,449,312
2025-09-01T10:27:54.607806,8,449,312
2025-09-01T10:27:56.872641,8,449,312
2025-09-01T10:27:59.141758,8,414,312
2025-09-01T10:28:01.432930,8,414,312
2025-09-01T10:28:03.769643,8,414,312
2025-09-01T10:28:06.075607,8,414,312
2025-09-01T10:28:08.365926,8,414,312
2025-09-01T10:28:10.604047,8,414,312
2025-09-01T10:28:12.884631,8,414,312
2025-09-01T10:28:15.177450,8,445,312
2025-09-01T10:28:17.433124,8,445,312
2025-09-01T10:28:19.685866,8,445,312
2025-09-01T10:28:21.991001,8,445,312
2025-09-01T10:28:24.269824,8,445,312
2025-09-01T10:28:26.904699,8,445,312
2025-09-01T10:28:29.229955,8,444,310
2025-09-01T10:28:31.541800,8,444,310
2025-09-01T10:28:33.855740,8,444,310
2025-09-01T10:28:36.151558,8,444,310
2025-09-01T10:28:38.446496,8,444,310
2025-09-01T10:28:40.697296,8,444,310
2025-09-01T10:28:42.985785,8,450,311
2025-09-01T10:28:45.312323,8,450,311
2025-09-01T10:28:47.551740,8,450,311
2025-09-01T10:28:49.892519,8,450,311
2025-09-01T10:28:52.127285,8,450,311
2025-09-01T10:28:54.457772,8,450,311
2025-09-01T10:28:56.769784,8,450,311
2025-09-01T10:28:59.182219,8,359,311
2025-09-01T10:29:01.499217,8,359,311
2025-09-01T10:29:04.000916,8,359,311
2025-09-01T10:29:06.290346,8,359,311
2025-09-01T10:29:08.536660,8,359,311
2025-09-01T10:29:10.818736,8,359,311
2025-09-01T10:29:13.146462,8,402,312
2025-09-01T10:29:15.433763,8,402,312
2025-09-01T10:29:17.705276,8,402,312
2025-09-01T10:29:20.698293,8,402,312
2025-09-01T10:29:23.048256,8,402,312
2025-09-01T10:29:25.412342,8,402,312
2025-09-01T10:29:27.655655,8,402,312
2025-09-01T10:29:29.990144,8,532,312
2025-09-01T10:29:32.307832,8,532,312
2025-09-01T10:29:34.584912,8,532,312
2025-09-01T10:29:36.893564,8,532,312
2025-09-01T10:29:39.333162,8,532,312
2025-09-01T10:29:41.633901,8,532,312
2025-09-01T10:29:43.977927,8,529,312
2025-09-01T10:29:46.260248,8,529,312
2025-09-01T10:29:48.527156,8,529,312
2025-09-01T10:29:50.852298,8,529,312
2025-09-01T10:29:53.196260,8,529,312
2025-09-01T10:29:55.523313,8,529,312
2025-09-01T10:29:57.724443,8,529,312
2025-09-01T10:30:00.031254,8,520,312
2025-09-01T10:30:02.282603,8,520,312
2025-09-01T10:30:04.568548,8,520,312
2025-09-01T10:30:06.856768,8,520,312
2025-09-01T10:30:09.113769,8,520,312
2025-09-01T10:30:11.417977,8,520,312
2025-09-01T10:30:13.697950,8,464,312
2025-09-01T10:30:16.028297,8,464,312
2025-09-01T10:30:18.305754,8,464,312
2025-09-01T10:30:20.563551,8,464,312
2025-09-01T10:30:22.839669,8,464,312
2025-09-01T10:30:25.169756,8,464,312
2025-09-01T10:30:27.425815,8,464,312
2025-09-01T10:30:29.669800,8,526,313
2025-09-01T10:30:31.951712,8,526,313
2025-09-01T10:30:34.211206,8,526,313
2025-09-01T10:30:36.607481,8,526,313
2025-09-01T10:30:38.890984,8,526,313
2025-09-01T10:30:41.262930,8,526,313
2025-09-01T10:30:43.854522,8,515,312
2025-09-01T10:30:46.180085,8,515,312
2025-09-01T10:30:48.471624,8,515,312
2025-09-01T10:30:50.745025,8,515,312
2025-09-01T10:30:53.074311,8,515,312
2025-09-01T10:30:55.356221,8,515,312
2025-09-01T10:30:57.635496,8,527,313
2025-09-01T10:31:00.326422,8,527,313
2025-09-01T10:31:02.594710,8,527,313
2025-09-01T10:31:04.885840,8,527,313
2025-09-01T10:31:07.147369,8,527,313
2025-09-01T10:31:09.422813,8,527,313
2025-09-01T10:31:11.825859,8,527,313
2025-09-01T10:31:14.138893,8,441,314
2025-09-01T10:31:16.466537,8,441,314
2025-09-01T10:31:18.815779,8,441,314
2025-09-01T10:31:21.121346,8,441,314
2025-09-01T10:31:23.436747,8,441,314
2025-09-01T10:31:25.671287,8,441,314
2025-09-01T10:31:27.961783,8,485,313
2025-09-01T10:31:30.372701,8,485,313
2025-09-01T10:31:32.641757,8,485,313
2025-09-01T10:31:34.965741,8,485,313
2025-09-01T10:31:37.249781,8,485,313
2025-09-01T10:31:39.508671,8,485,313
2025-09-01T10:31:42.397928,8,485,313
2025-09-01T10:31:44.742480,8,500,316
2025-09-01T10:31:47.037771,8,500,316
2025-09-01T10:31:49.340402,8,500,316
2025-09-01T10:31:51.756194,8,500,316
2025-09-01T10:31:54.119767,8,500,316
2025-09-01T10:31:56.494144,8,500,316
2025-09-01T10:31:58.743615,8,524,317
2025-09-01T10:32:01.024605,8,524,317
2025-09-01T10:32:03.231947,8,524,317
2025-09-01T10:32:05.459172,8,524,317
2025-09-01T10:32:07.657771,8,524,317
2025-09-01T10:32:10.004000,8,524,317
2025-09-01T10:32:12.326894,8,524,317
2025-09-01T10:32:14.692892,8,337,318
2025-09-01T10:32:17.029841,8,337,318
2025-09-01T10:32:19.361469,8,337,318
2025-09-01T10:32:21.661762,8,337,318
2025-09-01T10:32:23.953756,8,337,318
2025-09-01T10:32:26.209347,8,337,318
2025-09-01T10:32:28.459199,8,574,319
2025-09-01T10:32:30.769838,8,574,319
2025-09-01T10:32:33.191257,8,574,319
2025-09-01T10:32:35.551892,8,574,319
2025-09-01T10:32:37.863489,8,574,319
2025-09-01T10:32:40.132111,8,574,319
2025-09-01T10:32:42.455330,8,574,319
2025-09-01T10:32:44.797743,8,625,321
2025-09-01T10:32:47.151783,8,625,321
2025-09-01T10:32:49.462371,8,625,321
2025-09-01T10:32:51.743289,8,625,321
2025-09-01T10:32:54.037796,8,625,321
2025-09-01T10:32:56.406813,8,625,321
2025-09-01T10:32:58.738708,8,600,318
2025-09-01T10:33:01.101078,8,600,318
2025-09-01T10:33:03.523673,8,600,318
2025-09-01T10:33:06.012606,8,600,318
2025-09-01T10:33:08.273120,8,600,318
2025-09-01T10:33:10.539180,8,600,318
2025-09-01T10:33:12.865809,8,600,318
2025-09-01T10:33:15.155484,8,562,320
2025-09-01T10:33:17.454344,8,562,320
2025-09-01T10:33:19.721225,8,562,320
2025-09-01T10:33:22.103553,8,562,320
2025-09-01T10:33:24.381795,8,562,320
2025-09-01T10:33:26.750499,8,562,320
2025-09-01T10:33:29.073909,8,560,320
2025-09-01T10:33:31.453765,8,560,320
2025-09-01T10:33:33.798110,8,560,320
2025-09-01T10:33:36.083878,8,560,320
2025-09-01T10:33:38.402356,8,560,320
2025-09-01T10:33:40.709960,8,560,320
2025-09-01T10:33:43.165797,8,595,319
2025-09-01T10:33:45.425736,8,595,319
2025-09-01T10:33:47.684594,8,595,319
2025-09-01T10:33:49.995754,8,595,319
2025-09-01T10:33:52.299241,8,595,319
2025-09-01T10:33:54.551502,8,595,319
2025-09-01T10:33:56.882938,8,595,319
2025-09-01T10:33:59.211877,8,593,320
2025-09-01T10:34:01.530010,8,593,320
2025-09-01T10:34:03.937180,8,593,320
2025-09-01T10:34:06.382087,8,593,320
2025-09-01T10:34:08.817539,8,593,320
2025-09-01T10:34:11.069747,8,593,320
2025-09-01T10:34:13.350633,8,586,318
2025-09-01T10:34:15.670648,8,586,318
2025-09-01T10:34:18.027155,8,586,318
2025-09-01T10:34:20.662156,8,586,318
2025-09-01T10:34:22.993869,8,586,318
2025-09-01T10:34:25.282756,8,586,318
2025-09-01T10:34:27.637743,8,586,318
2025-09-01T10:34:29.936519,8,554,319
2025-09-01T10:34:32.282422,8,554,319
2025-09-01T10:34:34.601781,8,554,319
2025-09-01T10:34:37.001718,8,554,319
2025-09-01T10:34:39.302135,8,554,319
2025-09-01T10:34:41.623463,8,554,319
2025-09-01T10:34:43.951170,8,612,322
2025-09-01T10:34:46.237416,8,612,322
2025-09-01T10:34:48.552625,8,612,322
2025-09-01T10:34:50.872770,8,612,322
2025-09-01T10:34:53.213799,8,612,322
2025-09-01T10:34:55.603245,8,612,322
2025-09-01T10:34:58.022823,8,604,321
2025-09-01T10:35:00.378242,8,604,321
2025-09-01T10:35:02.725737,8,604,321
2025-09-01T10:35:05.241759,8,604,321
2025-09-01T10:35:07.542733,8,604,321
2025-09-01T10:35:09.866083,8,604,321
2025-09-01T10:35:12.145752,8,604,321
2025-09-01T10:35:14.344559,8,591,320
2025-09-01T10:35:16.629229,8,591,320
2025-09-01T10:35:18.845766,8,591,320
2025-09-01T10:35:21.162047,8,591,320
2025-09-01T10:35:23.482042,8,591,320
2025-09-01T10:35:25.857485,8,591,320
2025-09-01T10:35:28.173760,8,374,320
2025-09-01T10:35:30.571489,8,374,320
2025-09-01T10:35:32.885720,8,374,320
2025-09-01T10:35:35.192023,8,374,320
2025-09-01T10:35:37.506891,8,374,320
2025-09-01T10:35:39.876121,8,374,320
2025-09-01T10:35:42.206996,8,374,320
2025-09-01T10:35:44.524154,8,659,319
2025-09-01T10:35:46.900065,8,659,319
2025-09-01T10:35:49.219439,8,659,319
2025-09-01T10:35:51.542224,8,659,319
2025-09-01T10:35:53.849770,8,659,319
2025-09-01T10:35:56.186414,8,659,319
2025-09-01T10:35:58.477150,8,705,322
2025-09-01T10:36:00.782720,8,705,322
2025-09-01T10:36:03.159507,8,705,322
2025-09-01T10:36:05.509764,8,705,322
2025-09-01T10:36:08.015107,8,705,322
2025-09-01T10:36:10.329822,8,705,322
2025-09-01T10:36:12.653783,8,705,322
2025-09-01T10:36:15.061820,8,722,321
2025-09-01T10:36:17.410492,8,722,321
2025-09-01T10:36:19.606527,8,722,321
2025-09-01T10:36:21.990017,8,722,321
2025-09-01T10:36:24.286596,8,722,321
2025-09-01T10:36:26.709772,8,722,321
2025-09-01T10:36:29.016123,8,657,322
2025-09-01T10:36:31.551988,8,657,322
2025-09-01T10:36:33.884057,8,657,322
2025-09-01T10:36:36.199758,8,657,322
2025-09-01T10:36:38.493837,8,657,322
2025-09-01T10:36:40.813737,8,657,322
2025-09-01T10:36:43.260336,8,670,323
2025-09-01T10:36:45.548358,8,670,323
2025-09-01T10:36:47.965758,8,670,323
2025-09-01T10:36:50.269906,8,670,323
2025-09-01T10:36:52.640313,8,670,323
2025-09-01T10:36:54.932946,8,670,323
2025-09-01T10:36:57.221794,8,670,323
2025-09-01T10:36:59.553805,8,689,322
2025-09-01T10:37:01.874911,8,689,322
2025-09-01T10:37:04.263541,8,689,322
2025-09-01T10:37:06.662301,8,689,322
2025-09-01T10:37:08.951597,8,689,322
2025-09-01T10:37:11.334854,8,689,322
2025-09-01T10:37:13.653651,8,697,323
2025-09-01T10:37:16.031958,8,697,323
2025-09-01T10:37:18.340087,8,697,323
2025-09-01T10:37:20.640041,8,697,323
2025-09-01T10:37:22.869826,8,697,323
2025-09-01T10:37:25.256957,8,697,323
2025-09-01T10:37:27.657785,8,697,323
2025-09-01T10:37:29.977973,8,668,327
2025-09-01T10:37:32.303212,8,668,327
2025-09-01T10:37:34.595797,8,668,327
2025-09-01T10:37:36.917929,8,668,327
2025-09-01T10:37:39.208245,8,668,327
2025-09-01T10:37:41.605504,8,668,327
2025-09-01T10:37:43.973758,8,657,324
2025-09-01T10:37:46.257865,8,657,324
2025-09-01T10:37:48.521299,8,657,324
2025-09-01T10:37:50.793780,8,657,324
2025-09-01T10:37:53.189772,8,657,324
2025-09-01T10:37:55.849816,8,657,324
2025-09-01T10:37:58.138025,8,673,321
2025-09-01T10:38:00.485776,8,673,321
2025-09-01T10:38:02.844833,8,673,321
2025-09-01T10:38:05.239145,8,673,321
2025-09-01T10:38:07.629746,8,673,321
2025-09-01T10:38:09.933732,8,673,321
2025-09-01T10:38:12.216895,8,673,321
2025-09-01T10:38:14.520521,8,686,321
2025-09-01T10:38:16.869155,8,686,321
2025-09-01T10:38:19.152327,8,686,321
2025-09-01T10:38:21.449750,8,686,321
2025-09-01T10:38:23.656538,8,686,321
2025-09-01T10:38:25.904691,8,686,321
2025-09-01T10:38:28.131545,8,637,321
2025-09-01T10:38:30.439446,8,637,321
2025-09-01T10:38:32.775608,8,637,321
2025-09-01T10:38:35.087947,8,637,321
2025-09-01T10:38:37.491035,8,637,321
2025-09-01T10:38:39.771565,8,637,321
2025-09-01T10:38:42.122386,8,637,321
2025-09-01T10:38:44.529844,8,435,322
2025-09-01T10:38:46.862920,8,435,322
2025-09-01T10:38:49.649867,8,435,322
2025-09-01T10:38:51.952473,8,435,322
2025-09-01T10:38:54.260513,8,435,322
2025-09-01T10:38:56.698870,8,435,322
2025-09-01T10:38:59.063279,8,710,323
2025-09-01T10:39:01.413058,8,710,323
2025-09-01T10:39:03.757998,8,710,323
2025-09-01T10:39:06.063181,8,710,323
2025-09-01T10:39:08.369289,8,710,323
2025-09-01T10:39:10.615060,8,710,323
2025-09-01T10:39:12.951152,8,722,322
2025-09-01T10:39:15.376893,8,722,322
2025-09-01T10:39:17.969754,8,722,322
2025-09-01T10:39:20.342048,8,722,322
2025-09-01T10:39:22.641747,8,722,322
2025-09-01T10:39:25.026186,8,722,322
2025-09-01T10:39:27.413774,8,722,322
2025-09-01T10:39:29.728942,8,693,322
2025-09-01T10:39:31.953791,8,693,322
2025-09-01T10:39:34.244146,8,693,322
2025-09-01T10:39:36.700850,8,693,322
2025-09-01T10:39:39.033922,8,693,322
2025-09-01T10:39:41.319279,8,693,322
2025-09-01T10:39:43.805802,8,617,322
2025-09-01T10:39:46.189958,8,617,322
2025-09-01T10:39:48.561754,8,617,322
2025-09-01T10:39:50.898734,8,617,322
2025-09-01T10:39:53.344260,8,617,322
2025-09-01T10:39:55.732179,8,617,322
2025-09-01T10:39:58.077789,8,696,323
2025-09-01T10:40:00.417006,8,696,323
2025-09-01T10:40:02.748411,8,696,323
2025-09-01T10:40:05.153782,8,696,323
2025-09-01T10:40:07.498150,8,696,323
2025-09-01T10:40:09.801393,8,696,323
2025-09-01T10:40:12.137797,8,696,323
2025-09-01T10:40:14.483358,8,704,322
2025-09-01T10:40:16.958347,8,704,322
2025-09-01T10:40:19.224748,8,704,322
2025-09-01T10:40:21.517898,8,704,322
2025-09-01T10:40:23.866300,8,704,322
2025-09-01T10:40:26.653848,8,704,322
2025-09-01T10:40:29.122208,8,691,323
2025-09-01T10:40:31.497356,8,691,323
2025-09-01T10:40:33.717795,8,691,323
2025-09-01T10:40:36.030424,8,691,323
2025-09-01T10:40:38.345817,8,691,323
2025-09-01T10:40:40.760643,8,691,323
2025-09-01T10:40:43.245867,8,625,324
2025-09-01T10:40:45.602903,8,625,324
2025-09-01T10:40:47.993854,8,625,324
2025-09-01T10:40:50.307881,8,625,324
2025-09-01T10:40:52.640897,8,625,324
2025-09-01T10:40:55.049197,8,625,324
2025-09-01T10:40:57.438235,8,625,324
2025-09-01T10:40:59.869916,8,681,323
2025-09-01T10:41:02.519379,8,681,323
2025-09-01T10:41:04.859569,8,681,323
2025-09-01T10:41:07.173811,8,681,323
2025-09-01T10:41:09.431682,8,681,323
2025-09-01T10:41:11.737766,8,681,323
2025-09-01T10:41:14.068051,8,706,324
2025-09-01T10:41:16.359166,8,706,324
2025-09-01T10:41:18.664375,8,706,324
2025-09-01T10:41:20.985842,8,706,324
2025-09-01T10:41:23.374001,8,706,324
2025-09-01T10:41:25.747769,8,706,324
2025-09-01T10:41:28.132284,8,706,325
2025-09-01T10:41:30.457642,8,706,325
2025-09-01T10:41:32.720954,8,706,325
2025-09-01T10:41:34.967811,8,706,325
2025-09-01T10:41:37.166575,8,706,325
2025-09-01T10:41:39.512496,8,706,325
2025-09-01T10:41:41.905102,8,706,325
2025-09-01T10:41:44.230685,8,565,327
2025-09-01T10:41:46.641766,8,565,327
2025-09-01T10:41:48.946528,8,565,327
2025-09-01T10:41:51.211534,8,565,327
2025-09-01T10:41:53.685871,8,565,327
2025-09-01T10:41:56.301792,8,565,327
2025-09-01T10:41:58.637763,8,674,332
2025-09-01T10:42:01.013840,8,674,332
2025-09-01T10:42:03.431722,8,674,332
2025-09-01T10:42:05.849851,8,674,332
2025-09-01T10:42:08.254927,8,674,332
2025-09-01T10:42:10.717787,8,674,332
2025-09-01T10:42:13.162626,8,831,331
2025-09-01T10:42:15.725795,8,831,331
2025-09-01T10:42:18.168396,8,831,331
2025-09-01T10:42:20.487376,8,831,331
2025-09-01T10:42:22.866765,8,831,331
2025-09-01T10:42:25.212922,8,831,331
2025-09-01T10:42:27.633844,8,831,331
2025-09-01T10:42:30.005805,8,864,332
2025-09-01T10:42:32.358253,8,864,332
2025-09-01T10:42:34.753229,8,864,332
2025-09-01T10:42:37.195935,8,864,332
2025-09-01T10:42:39.586573,8,864,332
2025-09-01T10:42:41.817339,8,864,332
2025-09-01T10:42:44.309860,8,842,332
2025-09-01T10:42:47.133946,8,842,332
2025-09-01T10:42:49.532085,8,842,332
2025-09-01T10:42:51.934070,8,842,332
2025-09-01T10:42:54.445203,8,842,332
2025-09-01T10:42:56.931977,8,842,332
2025-09-01T10:42:59.252007,8,764,330
2025-09-01T10:43:01.625742,8,764,330
2025-09-01T10:43:03.992390,8,764,330
2025-09-01T10:43:06.396554,8,764,330
2025-09-01T10:43:08.770524,8,764,330
2025-09-01T10:43:11.118827,8,764,330
2025-09-01T10:43:13.479005,8,850,332
2025-09-01T10:43:15.916195,8,850,332
2025-09-01T10:43:18.246957,8,850,332
2025-09-01T10:43:20.596827,8,850,332
2025-09-01T10:43:23.306352,8,850,332
2025-09-01T10:43:25.926836,8,850,332
2025-09-01T10:43:28.296904,8,849,330
2025-09-01T10:43:30.637862,8,849,330
2025-09-01T10:43:33.248726,8,849,330
2025-09-01T10:43:35.593373,8,849,330
2025-09-01T10:43:37.951776,8,849,330
2025-09-01T10:43:40.309984,8,849,330
2025-09-01T10:43:42.752748,8,849,330
2025-09-01T10:43:45.043098,8,843,332
2025-09-01T10:43:47.558423,8,843,332
2025-09-01T10:43:49.911246,8,843,332
2025-09-01T10:43:52.636111,8,843,332
2025-09-01T10:43:55.042477,8,843,332
2025-09-01T10:43:57.505857,8,843,332
2025-09-01T10:43:59.899167,8,755,331
2025-09-01T10:44:02.220317,8,755,331
2025-09-01T10:44:04.573228,8,755,331
2025-09-01T10:44:06.930693,8,755,331
2025-09-01T10:44:09.389854,8,755,331
2025-09-01T10:44:11.838716,8,755,331
2025-09-01T10:44:14.218840,8,814,332
2025-09-01T10:44:16.637241,8,814,332
2025-09-01T10:44:18.962514,8,814,332
2025-09-01T10:44:21.329818,8,814,332
2025-09-01T10:44:23.725932,8,814,332
2025-09-01T10:44:26.096660,8,814,332
2025-09-01T10:44:28.472101,8,804,333
2025-09-01T10:44:31.265085,8,804,333
2025-09-01T10:44:33.649525,8,804,333
2025-09-01T10:44:36.022370,8,804,333
2025-09-01T10:44:38.428773,8,804,333
2025-09-01T10:44:40.912418,8,804,333
2025-09-01T10:44:43.357949,8,818,333
2025-09-01T10:44:45.707613,8,818,333
2025-09-01T10:44:47.960237,8,818,333
2025-09-01T10:44:50.165773,8,818,333
2025-09-01T10:44:52.361816,8,818,333
2025-09-01T10:44:54.818360,8,818,333
2025-09-01T10:44:57.221758,8,818,333
2025-09-01T10:44:59.667592,8,607,329
2025-09-01T10:45:01.993985,8,607,329
2025-09-01T10:45:04.284615,8,607,329
2025-09-01T10:45:06.735289,8,607,329
2025-09-01T10:45:09.129792,8,607,329
2025-09-01T10:45:11.485882,8,607,329
2025-09-01T10:45:13.841871,8,686,333
2025-09-01T10:45:16.255621,8,686,333
2025-09-01T10:45:18.599535,8,686,333
2025-09-01T10:45:21.197275,8,686,333
2025-09-01T10:45:23.925721,8,686,333
2025-09-01T10:45:26.502234,8,686,333
2025-09-01T10:45:28.885461,8,865,335
2025-09-01T10:45:31.275068,8,865,335
2025-09-01T10:45:33.559902,8,865,335
2025-09-01T10:45:36.054724,8,865,335
2025-09-01T10:45:38.419238,8,865,335
2025-09-01T10:45:40.849930,8,865,335
2025-09-01T10:45:43.677966,8,839,333
2025-09-01T10:45:46.405779,8,839,333
2025-09-01T10:45:48.752971,8,839,333
2025-09-01T10:45:51.105860,8,839,333
2025-09-01T10:45:53.313761,8,839,333
2025-09-01T10:45:55.634471,8,839,333
2025-09-01T10:45:57.944882,8,849,333
2025-09-01T10:46:00.409238,8,849,333
2025-09-01T10:46:02.804560,8,849,333
2025-09-01T10:46:05.183443,8,849,333
2025-09-01T10:46:07.594869,8,849,333
2025-09-01T10:46:09.921768,8,849,333
2025-09-01T10:46:12.301888,8,849,333
2025-09-01T10:46:14.719927,8,761,333
2025-09-01T10:46:17.210433,8,761,333
2025-09-01T10:46:19.620630,8,761,333
2025-09-01T10:46:21.985833,8,761,333
2025-09-01T10:46:24.475719,8,761,333
2025-09-01T10:46:27.155748,8,761,333
2025-09-01T10:46:29.619718,8,839,333
2025-09-01T10:46:31.987499,8,839,333
2025-09-01T10:46:34.282859,8,839,333
2025-09-01T10:46:36.772484,8,839,333
2025-09-01T10:46:39.684512,8,839,333
2025-09-01T10:46:42.055871,8,839,333
2025-09-01T10:46:44.409247,8,823,333
2025-09-01T10:46:46.966328,8,823,333
2025-09-01T10:46:49.341506,8,823,333
2025-09-01T10:46:51.865784,8,823,333
2025-09-01T10:46:54.200545,8,823,333
2025-09-01T10:46:56.415158,8,823,333
2025-09-01T10:46:58.859926,8,794,332
2025-09-01T10:47:01.191457,8,794,332
2025-09-01T10:47:03.490109,8,794,332
2025-09-01T10:47:05.812216,8,794,332
2025-09-01T10:47:08.377860,8,794,332
2025-09-01T10:47:10.759919,8,794,332
2025-09-01T10:47:13.230427,8,741,331
2025-09-01T10:47:16.171352,8,741,331
2025-09-01T10:47:18.605000,8,741,331
2025-09-01T10:47:21.078346,8,741,331
2025-09-01T10:47:23.459935,8,741,331
2025-09-01T10:47:25.800814,8,741,331
2025-09-01T10:47:28.156159,8,820,334
2025-09-01T10:47:30.531598,8,820,334
2025-09-01T10:47:32.934156,8,820,334
2025-09-01T10:47:35.281110,8,820,334
2025-09-01T10:47:37.677178,8,820,334
2025-09-01T10:47:40.165406,8,820,334
2025-09-01T10:47:42.551340,8,820,334
2025-09-01T10:47:45.039308,8,829,333
2025-09-01T10:47:47.395969,8,829,333
2025-09-01T10:47:49.719849,8,829,333
2025-09-01T10:47:52.024194,8,829,333
2025-09-01T10:47:54.333858,8,829,333
2025-09-01T10:47:56.744910,8,829,333
2025-09-01T10:47:59.009885,8,790,332
2025-09-01T10:48:01.250526,8,790,332
2025-09-01T10:48:03.458612,8,790,332
2025-09-01T10:48:05.986389,8,790,332
2025-09-01T10:48:08.494190,8,790,332
2025-09-01T10:48:11.615831,8,790,332
2025-09-01T10:48:14.046926,8,562,329
2025-09-01T10:48:16.381767,8,562,329
2025-09-01T10:48:18.837543,8,562,329
2025-09-01T10:48:21.493789,8,562,329
2025-09-01T10:48:23.955659,8,562,329
2025-09-01T10:48:26.303949,8,562,329
2025-09-01T10:48:28.794787,8,1024,336
2025-09-01T10:48:31.388263,8,1024,336
2025-09-01T10:48:33.882536,8,1024,336
2025-09-01T10:48:36.558960,8,1024,336
2025-09-01T10:48:39.192485,8,1024,336
2025-09-01T10:48:41.610861,8,1024,336
2025-09-01T10:48:43.994857,8,1074,334
2025-09-01T10:48:46.434660,8,1074,334
2025-09-01T10:48:49.179971,8,1074,334
2025-09-01T10:48:51.694095,8,1074,334
2025-09-01T10:48:54.282597,8,1074,334
2025-09-01T10:48:56.742288,8,1074,334
2025-09-01T10:48:59.111139,8,1101,336
2025-09-01T10:49:01.543405,8,1101,336
2025-09-01T10:49:03.905255,8,1101,336
2025-09-01T10:49:06.372481,8,1101,336
2025-09-01T10:49:08.789943,8,1101,336
2025-09-01T10:49:11.271882,8,1101,336
2025-09-01T10:49:13.735185,8,987,332
2025-09-01T10:49:16.262386,8,987,332
2025-09-01T10:49:18.739407,8,987,332
2025-09-01T10:49:21.205842,8,987,332
2025-09-01T10:49:23.661812,8,987,332
2025-09-01T10:49:26.108484,8,987,332
2025-09-01T10:49:28.482752,8,1036,334
2025-09-01T10:49:30.878531,8,1036,334
2025-09-01T10:49:33.374448,8,1036,334
2025-09-01T10:49:35.750991,8,1036,334
2025-09-01T10:49:38.217276,8,1036,334
2025-09-01T10:49:40.862953,8,1036,334
2025-09-01T10:49:43.491848,8,1058,335
2025-09-01T10:49:46.066093,8,1058,335
2025-09-01T10:49:48.453839,8,1058,335
2025-09-01T10:49:50.834254,8,1058,335
2025-09-01T10:49:53.333561,8,1058,335
2025-09-01T10:49:55.810183,8,1058,335
2025-09-01T10:49:58.298846,8,1109,336
2025-09-01T10:50:00.743696,8,1109,336
2025-09-01T10:50:03.313790,8,1109,336
2025-09-01T10:50:05.894110,8,1109,336
2025-09-01T10:50:08.399963,8,1109,336
2025-09-01T10:50:10.873591,8,1109,336
2025-09-01T10:50:13.417805,8,1033,336
2025-09-01T10:50:15.927279,8,1033,336
2025-09-01T10:50:18.401802,8,1033,336
2025-09-01T10:50:20.770278,8,1033,336
2025-09-01T10:50:23.390910,8,1033,336
2025-09-01T10:50:25.911127,8,1033,336
2025-09-01T10:50:28.326446,8,1020,335
2025-09-01T10:50:31.157792,8,1020,335
2025-09-01T10:50:33.621861,8,1020,335
2025-09-01T10:50:36.109742,8,1020,335
2025-09-01T10:50:38.599727,8,1020,335
2025-09-01T10:50:40.965885,8,1020,335
2025-09-01T10:50:44.243605,8,1079,333
2025-09-01T10:50:46.833839,8,1079,333
2025-09-01T10:50:49.363612,8,1079,333
2025-09-01T10:50:51.733095,8,1079,333
2025-09-01T10:50:54.117811,8,1079,333
2025-09-01T10:50:56.837375,8,1079,333
2025-09-01T10:50:59.298194,8,1076,334
2025-09-01T10:51:01.738141,8,1076,334
2025-09-01T10:51:04.215714,8,1076,334
2025-09-01T10:51:06.773362,8,1076,334
2025-09-01T10:51:09.021233,8,1076,334
2025-09-01T10:51:11.229306,8,1076,334
2025-09-01T10:51:13.473772,8,921,336
2025-09-01T10:51:15.879018,8,921,336
2025-09-01T10:51:18.299420,8,921,336
2025-09-01T10:51:20.766706,8,921,336
2025-09-01T10:51:23.165871,8,921,336
2025-09-01T10:51:25.556436,8,921,336
2025-09-01T10:51:28.015360,8,673,333
2025-09-01T10:51:30.465774,8,673,333
2025-09-01T10:51:33.062699,8,673,333
2025-09-01T10:51:35.448283,8,673,333
2025-09-01T10:51:37.963678,8,673,333
2025-09-01T10:51:40.449952,8,673,333
2025-09-01T10:51:42.835156,8,673,333
2025-09-01T10:51:45.291549,8,1028,336
2025-09-01T10:51:47.689940,8,1028,336
2025-09-01T10:51:50.086658,8,1028,336
2025-09-01T10:51:52.525374,8,1028,336
2025-09-01T10:51:55.079778,8,1028,336
2025-09-01T10:51:57.698899,8,1028,336
2025-09-01T10:52:00.301834,8,1074,336
2025-09-01T10:52:03.051389,8,1074,336
2025-09-01T10:52:05.490977,8,1074,336
2025-09-01T10:52:08.009257,8,1074,336
2025-09-01T10:52:10.586104,8,1074,336
2025-09-01T10:52:13.085748,8,1086,334
2025-09-01T10:52:15.334531,8,1086,334
2025-09-01T10:52:17.765834,8,1086,334
2025-09-01T10:52:20.269777,8,1086,334
2025-09-01T10:52:22.737798,8,1086,334
2025-09-01T10:52:25.274401,8,1086,334
2025-09-01T10:52:27.862600,8,962,332
2025-09-01T10:52:30.447694,8,962,332
2025-09-01T10:52:32.907592,8,962,332
2025-09-01T10:52:35.370323,8,962,332
2025-09-01T10:52:37.883141,8,962,332
2025-09-01T10:52:40.458453,8,962,332
2025-09-01T10:52:42.971137,8,1052,336
2025-09-01T10:52:45.496857,8,1052,336
2025-09-01T10:52:48.026770,8,1052,336
2025-09-01T10:52:50.582979,8,1052,336
2025-09-01T10:52:53.309773,8,1052,336
2025-09-01T10:52:55.813754,8,1052,336
2025-09-01T10:52:58.266162,8,1060,337
2025-09-01T10:53:00.717827,8,1060,337
2025-09-01T10:53:03.180040,8,1060,337
2025-09-01T10:53:05.689454,8,1060,337
2025-09-01T10:53:08.067083,8,1060,337
2025-09-01T10:53:10.512261,8,1060,337
2025-09-01T10:53:13.082368,8,1089,336
2025-09-01T10:53:15.759898,8,1089,336
2025-09-01T10:53:18.000765,8,1089,336
2025-09-01T10:53:20.484392,8,1089,336
2025-09-01T10:53:22.958296,8,1089,336
2025-09-01T10:53:25.396090,8,1089,336
2025-09-01T10:53:27.878291,8,1089,336
2025-09-01T10:53:30.329341,8,945,334
2025-09-01T10:53:32.886379,8,945,334
2025-09-01T10:53:35.502275,8,945,334
2025-09-01T10:53:37.981853,8,945,334
2025-09-01T10:53:40.453799,8,945,334
2025-09-01T10:53:43.119675,8,1051,337
2025-09-01T10:53:45.694015,8,1051,337
2025-09-01T10:53:48.149813,8,1051,337
2025-09-01T10:53:50.626955,8,1051,337
2025-09-01T10:53:53.196485,8,1051,337
2025-09-01T10:53:55.677851,8,1051,337
2025-09-01T10:53:58.015343,8,1074,336
2025-09-01T10:54:00.482867,8,1074,336
2025-09-01T10:54:02.879716,8,1074,336
2025-09-01T10:54:05.331682,8,1074,336
2025-09-01T10:54:07.731712,8,1074,336
2025-09-01T10:54:10.138889,8,1074,336
2025-09-01T10:54:12.625377,8,1070,337
2025-09-01T10:54:15.485739,8,1070,337
2025-09-01T10:54:18.024264,8,1070,337
2025-09-01T10:54:20.245777,8,1070,337
2025-09-01T10:54:22.642126,8,1070,337
2025-09-01T10:54:24.864767,8,1070,337
2025-09-01T10:54:27.343113,8,1070,337
2025-09-01T10:54:29.926001,8,827,331
2025-09-01T10:54:32.457799,8,827,331
2025-09-01T10:54:34.924597,8,827,331
2025-09-01T10:54:37.368806,8,827,331
2025-09-01T10:54:39.846110,8,827,331
2025-09-01T10:54:42.337079,8,827,331
2025-09-01T10:54:44.830934,8,831,335
2025-09-01T10:54:47.366497,8,831,335
2025-09-01T10:54:49.783863,8,831,335
2025-09-01T10:54:52.215544,8,831,335
2025-09-01T10:54:54.717809,8,831,335
2025-09-01T10:54:57.176098,8,831,335
2025-09-01T10:54:59.565599,8,1072,337
2025-09-01T10:55:02.004154,8,1072,337
2025-09-01T10:55:04.614021,8,1072,337
2025-09-01T10:55:07.149789,8,1072,337
2025-09-01T10:55:09.897790,8,1072,337
2025-09-01T10:55:12.358988,8,1072,337
2025-09-01T10:55:15.053762,8,1075,337
2025-09-01T10:55:17.658344,8,1075,337
2025-09-01T10:55:20.194446,8,1075,337
2025-09-01T10:55:22.652154,8,1075,337
2025-09-01T10:55:25.097787,8,1075,337
2025-09-01T10:55:27.345695,8,1075,337
2025-09-01T10:55:29.722200,8,1061,334
2025-09-01T10:55:32.186027,8,1061,334
2025-09-01T10:55:34.785984,8,1061,334
2025-09-01T10:55:37.219929,8,1061,334
2025-09-01T10:55:39.594409,8,1061,334
2025-09-01T10:55:42.009700,8,1061,334
2025-09-01T10:55:44.515543,8,1018,337
2025-09-01T10:55:47.095458,8,1018,337
2025-09-01T10:55:49.503618,8,1018,337
2025-09-01T10:55:51.993983,8,1018,337
2025-09-01T10:55:54.617924,8,1018,337
2025-09-01T10:55:57.177805,8,1018,337
2025-09-01T10:55:59.559666,8,1077,337
2025-09-01T10:56:02.082792,8,1077,337
2025-09-01T10:56:04.560689,8,1077,337
2025-09-01T10:56:07.072061,8,1077,337
2025-09-01T10:56:09.432055,8,1077,337
2025-09-01T10:56:11.898414,8,1077,337
2025-09-01T10:56:14.286703,8,1092,337
2025-09-01T10:56:16.798134,8,1092,337
2025-09-01T10:56:19.210652,8,1092,337
2025-09-01T10:56:21.719705,8,1092,337
2025-09-01T10:56:24.265871,8,1092,337
2025-09-01T10:56:26.818615,8,1092,337
2025-09-01T10:56:29.028376,8,1080,338
2025-09-01T10:56:31.580719,8,1080,338
2025-09-01T10:56:34.003406,8,1080,338
2025-09-01T10:56:36.651504,8,1080,338
2025-09-01T10:56:39.134487,8,1080,338
2025-09-01T10:56:41.538408,8,1080,338
2025-09-01T10:56:43.984191,8,971,335
2025-09-01T10:56:46.481814,8,971,335
2025-09-01T10:56:49.266042,8,971,335
2025-09-01T10:56:51.773979,8,971,335
2025-09-01T10:56:54.228257,8,971,335
2025-09-01T10:56:56.777769,8,971,335
2025-09-01T10:56:59.275928,8,1083,338
2025-09-01T10:57:01.843051,8,1083,338
2025-09-01T10:57:04.381775,8,1083,338
2025-09-01T10:57:06.977938,8,1083,338
2025-09-01T10:57:09.363058,8,1083,338
2025-09-01T10:57:11.799433,8,1083,338
2025-09-01T10:57:14.261901,8,1107,338
2025-09-01T10:57:16.863522,8,1107,338
2025-09-01T10:57:19.289863,8,1107,338
2025-09-01T10:57:21.878723,8,1107,338
2025-09-01T10:57:24.262599,8,1107,338
2025-09-01T10:57:26.843032,8,1107,338
2025-09-01T10:57:29.241748,8,1090,337
2025-09-01T10:57:31.472399,8,1090,337
2025-09-01T10:57:33.708077,8,1090,337
2025-09-01T10:57:35.934516,8,1090,337
2025-09-01T10:57:38.373233,8,1090,337
2025-09-01T10:57:41.002961,8,1090,337
2025-09-01T10:57:43.643803,8,742,335
2025-09-01T10:57:46.163514,8,742,335
2025-09-01T10:57:48.584123,8,742,335
2025-09-01T10:57:51.096001,8,742,335
2025-09-01T10:57:53.630781,8,742,335
2025-09-01T10:57:56.062541,8,742,335
2025-09-01T10:57:58.490404,8,963,336
2025-09-01T10:58:01.447638,8,963,336
2025-09-01T10:58:03.965831,8,963,336
2025-09-01T10:58:06.543373,8,963,336
2025-09-01T10:58:09.189848,8,963,336
2025-09-01T10:58:11.609807,8,963,336
2025-09-01T10:58:13.961388,8,1020,337
2025-09-01T10:58:16.462129,8,1020,337
2025-09-01T10:58:18.846960,8,1020,337
2025-09-01T10:58:21.281877,8,1020,337
2025-09-01T10:58:23.744893,8,1020,337
2025-09-01T10:58:26.262197,8,1020,337
2025-09-01T10:58:28.719527,8,1077,339
2025-09-01T10:58:31.169868,8,1077,339
2025-09-01T10:58:33.866499,8,1077,339
2025-09-01T10:58:36.311349,8,1077,339
2025-09-01T10:58:38.537175,8,1077,339
2025-09-01T10:58:40.958282,8,1077,339
2025-09-01T10:58:43.877861,8,1036,335
2025-09-01T10:58:46.441878,8,1036,335
2025-09-01T10:58:48.971766,8,1036,335
2025-09-01T10:58:51.366761,8,1036,335
2025-09-01T10:58:53.817808,8,1036,335
2025-09-01T10:58:56.197829,8,1036,335
2025-09-01T10:58:58.608931,8,994,339
2025-09-01T10:59:01.058129,8,994,339
2025-09-01T10:59:03.800439,8,994,339
2025-09-01T10:59:06.273757,8,994,339
2025-09-01T10:59:08.797782,8,994,339
2025-09-01T10:59:11.305895,8,994,339
2025-09-01T10:59:13.903714,8,1105,339
2025-09-01T10:59:16.374873,8,1105,339
2025-09-01T10:59:18.875262,8,1105,339
2025-09-01T10:59:21.349941,8,1105,339
2025-09-01T10:59:23.837783,8,1105,339
2025-09-01T10:59:26.321071,8,1105,339
2025-09-01T10:59:28.825791,8,1103,337
2025-09-01T10:59:31.273560,8,1103,337
2025-09-01T10:59:33.631451,8,1103,337
2025-09-01T10:59:36.027669,8,1103,337
2025-09-01T10:59:38.493786,8,1103,337
2025-09-01T10:59:40.698845,8,1103,337
2025-09-01T10:59:43.189779,8,1033,337
2025-09-01T10:59:45.860518,8,1033,337
2025-09-01T10:59:48.460451,8,1033,337
2025-09-01T10:59:50.993862,8,1033,337
2025-09-01T10:59:53.449852,8,1033,337
2025-09-01T10:59:55.959381,8,1033,337
2025-09-01T10:59:58.356969,8,1020,339
2025-09-01T11:00:00.833848,8,1020,339
2025-09-01T11:00:03.342692,8,1020,339
2025-09-01T11:00:05.808997,8,1020,339
2025-09-01T11:00:08.466515,8,1020,339
2025-09-01T11:00:10.898066,8,1020,339
2025-09-01T11:00:13.587386,8,1131,338
2025-09-01T11:00:16.044103,8,1131,338
2025-09-01T11:00:18.557805,8,1131,338
2025-09-01T11:00:21.179042,8,1131,338
2025-09-01T11:00:23.685793,8,1131,338
2025-09-01T11:00:26.147350,8,1131,338
2025-09-01T11:00:28.646725,8,1143,338
2025-09-01T11:00:31.157784,8,1143,338
2025-09-01T11:00:33.630016,8,1143,338
2025-09-01T11:00:36.051976,8,1143,338
2025-09-01T11:00:38.506453,8,1143,338
2025-09-01T11:00:40.917768,8,1143,338
2025-09-01T11:00:43.181347,8,1089,339
2025-09-01T11:00:45.441727,8,1089,339
2025-09-01T11:00:47.682039,8,1089,339
2025-09-01T11:00:50.355566,8,1089,339
2025-09-01T11:00:53.006359,8,1089,339
2025-09-01T11:00:56.172736,8,1089,339
2025-09-01T11:00:58.806908,8,769,335
2025-09-01T11:01:01.347885,8,769,335
2025-09-01T11:01:03.885249,8,769,335
2025-09-01T11:01:06.513826,8,769,335
2025-09-01T11:01:09.096058,8,769,335
2025-09-01T11:01:11.847773,8,769,335
2025-09-01T11:01:14.360373,8,1479,339
2025-09-01T11:01:17.159830,8,1479,339
2025-09-01T11:01:19.801833,8,1479,339
2025-09-01T11:01:22.573935,8,1479,339
2025-09-01T11:01:25.206000,8,1479,339
2025-09-01T11:01:27.877886,8,1510,337
2025-09-01T11:01:30.674133,8,1510,337
2025-09-01T11:01:33.244091,8,1510,337
2025-09-01T11:01:36.023911,8,1510,337
2025-09-01T11:01:38.779712,8,1510,337
2025-09-01T11:01:41.501844,8,1510,337
2025-09-01T11:01:44.145739,8,1474,339
2025-09-01T11:01:46.903867,8,1474,339
2025-09-01T11:01:49.166668,8,1474,339
2025-09-01T11:01:51.668009,8,1474,339
2025-09-01T11:01:54.350417,8,1474,339
2025-09-01T11:01:57.200822,8,1474,339
2025-09-01T11:01:59.846977,8,1314,341
2025-09-01T11:02:02.674230,8,1314,341
2025-09-01T11:02:05.456355,8,1314,341
2025-09-01T11:02:08.000030,8,1314,341
2025-09-01T11:02:10.506522,8,1314,341
2025-09-01T11:02:13.253879,8,1437,339
2025-09-01T11:02:15.978648,8,1437,339
2025-09-01T11:02:18.773592,8,1437,339
2025-09-01T11:02:21.477826,8,1437,339
2025-09-01T11:02:24.321923,8,1437,339
2025-09-01T11:02:27.223558,8,1437,339
2025-09-01T11:02:29.922040,8,1506,339
2025-09-01T11:02:32.637417,8,1506,339
2025-09-01T11:02:35.325140,8,1506,339
2025-09-01T11:02:38.068965,8,1506,339
2025-09-01T11:02:40.766583,8,1506,339
2025-09-01T11:02:43.667027,8,1506,339
2025-09-01T11:02:46.385766,8,1506,339
2025-09-01T11:02:49.053796,8,1506,339
2025-09-01T11:02:51.279946,8,1506,339
2025-09-01T11:02:53.891944,8,1506,339
2025-09-01T11:02:56.881676,8,1506,339
2025-09-01T11:02:59.626112,8,1369,340
2025-09-01T11:03:02.170523,8,1369,340
2025-09-01T11:03:04.735693,8,1369,340
2025-09-01T11:03:07.402941,8,1369,340
2025-09-01T11:03:10.047400,8,1369,340
2025-09-01T11:03:12.682650,8,1435,338
2025-09-01T11:03:15.645814,8,1435,338
2025-09-01T11:03:18.398299,8,1435,338
2025-09-01T11:03:20.929874,8,1435,338
2025-09-01T11:03:23.574072,8,1435,338
2025-09-01T11:03:26.285841,8,1435,338
2025-09-01T11:03:29.097885,8,1498,340
2025-09-01T11:03:31.735111,8,1498,340
2025-09-01T11:03:34.329780,8,1498,340
2025-09-01T11:03:37.005462,8,1498,340
2025-09-01T11:03:39.681956,8,1498,340
2025-09-01T11:03:42.390605,8,1498,340
2025-09-01T11:03:45.193326,8,1491,340
2025-09-01T11:03:47.846983,8,1491,340
2025-09-01T11:03:50.637717,8,1491,340
2025-09-01T11:03:52.885712,8,1491,340
2025-09-01T11:03:55.162864,8,1491,340
2025-09-01T11:03:57.364441,8,1491,340
2025-09-01T11:03:59.678669,8,1394,341
2025-09-01T11:04:02.230377,8,1394,341
2025-09-01T11:04:05.254419,8,1394,341
2025-09-01T11:04:07.961706,8,1394,341
2025-09-01T11:04:10.487860,8,1394,341
2025-09-01T11:04:13.549854,8,1065,340
2025-09-01T11:04:16.427396,8,1065,340
2025-09-01T11:04:19.036050,8,1065,340
2025-09-01T11:04:21.698508,8,1065,340
2025-09-01T11:04:24.355844,8,1065,340
2025-09-01T11:04:27.094013,8,1065,340
2025-09-01T11:04:29.721104,8,1427,341
2025-09-01T11:04:32.342748,8,1427,341
2025-09-01T11:04:34.856099,8,1427,341
2025-09-01T11:04:37.534870,8,1427,341
2025-09-01T11:04:40.223804,8,1427,341
2025-09-01T11:04:42.784076,8,1494,341
2025-09-01T11:04:45.441791,8,1494,341
2025-09-01T11:04:48.049859,8,1494,341
2025-09-01T11:04:50.915248,8,1494,341
2025-09-01T11:04:53.723008,8,1494,341
2025-09-01T11:04:56.293736,8,1494,341
2025-09-01T11:04:58.953773,8,1512,340
2025-09-01T11:05:01.227251,8,1512,340
2025-09-01T11:05:04.112958,8,1512,340
2025-09-01T11:05:06.810018,8,1512,340
2025-09-01T11:05:09.506536,8,1512,340
2025-09-01T11:05:12.181012,8,1512,340
2025-09-01T11:05:15.388003,8,1360,341
2025-09-01T11:05:18.250401,8,1360,341
2025-09-01T11:05:20.702985,8,1360,341
2025-09-01T11:05:23.368568,8,1360,341
2025-09-01T11:05:25.996358,8,1360,341
2025-09-01T11:05:28.674294,8,1496,341
2025-09-01T11:05:31.245816,8,1496,341
2025-09-01T11:05:34.171830,8,1496,341
2025-09-01T11:05:37.069764,8,1496,341
2025-09-01T11:05:39.701907,8,1496,341
2025-09-01T11:05:42.366990,8,1496,341
2025-09-01T11:05:45.131569,8,1526,339
2025-09-01T11:05:47.786750,8,1526,339
2025-09-01T11:05:50.434656,8,1526,339
2025-09-01T11:05:53.347470,8,1526,339
2025-09-01T11:05:56.114428,8,1526,339
2025-09-01T11:05:58.650198,8,1508,340
2025-09-01T11:06:01.263884,8,1508,340
2025-09-01T11:06:03.472803,8,1508,340
2025-09-01T11:06:06.038523,8,1508,340
2025-09-01T11:06:08.656982,8,1508,340
2025-09-01T11:06:11.354026,8,1508,340
2025-09-01T11:06:14.178116,8,1347,340
2025-09-01T11:06:16.842015,8,1347,340
2025-09-01T11:06:19.428397,8,1347,340
2025-09-01T11:06:22.192102,8,1347,340
2025-09-01T11:06:24.903161,8,1347,340
2025-09-01T11:06:27.605812,8,1533,340
2025-09-01T11:06:31.067213,8,1533,340
2025-09-01T11:06:33.696807,8,1533,340
2025-09-01T11:06:36.273848,8,1533,340
2025-09-01T11:06:38.986067,8,1533,340
2025-09-01T11:06:41.580213,8,1533,340
2025-09-01T11:06:44.080391,8,1523,340
2025-09-01T11:06:46.885752,8,1523,340
2025-09-01T11:06:49.628139,8,1523,340
2025-09-01T11:06:52.402803,8,1523,340
2025-09-01T11:06:55.058936,8,1523,340
2025-09-01T11:06:57.856430,8,1545,340
2025-09-01T11:07:00.601932,8,1545,340
2025-09-01T11:07:03.401842,8,1545,340
2025-09-01T11:07:05.681693,8,1545,340
2025-09-01T11:07:07.941823,8,1545,340
2025-09-01T11:07:10.183647,8,1545,340
2025-09-01T11:07:13.454986,8,1235,336
2025-09-01T11:07:16.135215,8,1235,336
2025-09-01T11:07:18.954298,8,1235,336
2025-09-01T11:07:21.558056,8,1235,336
2025-09-01T11:07:24.277978,8,1235,336
2025-09-01T11:07:27.053867,8,1235,336
2025-09-01T11:07:29.710227,8,1213,341
2025-09-01T11:07:32.454465,8,1213,341
2025-09-01T11:07:35.142616,8,1213,341
2025-09-01T11:07:38.245760,8,1213,341
2025-09-01T11:07:40.873865,8,1213,341
2025-09-01T11:07:43.681927,8,1490,343
2025-09-01T11:07:46.336263,8,1490,343
2025-09-01T11:07:48.978001,8,1490,343
2025-09-01T11:07:51.605994,8,1490,343
2025-09-01T11:07:54.345911,8,1490,343
2025-09-01T11:07:57.317560,8,1490,343
2025-09-01T11:08:00.094169,8,1517,339
2025-09-01T11:08:03.068500,8,1517,339
2025-09-01T11:08:05.794381,8,1517,339
2025-09-01T11:08:08.456036,8,1517,339
2025-09-01T11:08:11.062117,8,1517,339
2025-09-01T11:08:13.843511,8,1472,341
2025-09-01T11:08:16.485029,8,1472,341
2025-09-01T11:08:19.115308,8,1472,341
2025-09-01T11:08:21.706283,8,1472,341
2025-09-01T11:08:24.320360,8,1472,341
2025-09-01T11:08:27.283821,8,1472,341
2025-09-01T11:08:29.994306,8,1413,339
2025-09-01T11:08:32.736445,8,1413,339
2025-09-01T11:08:35.384286,8,1413,339
2025-09-01T11:08:38.025900,8,1413,339
2025-09-01T11:08:40.683196,8,1413,339
2025-09-01T11:08:43.377995,8,1482,341
2025-09-01T11:08:45.853052,8,1482,341
2025-09-01T11:08:48.534790,8,1482,341
2025-09-01T11:08:51.400229,8,1482,341
2025-09-01T11:08:54.262985,8,1482,341
2025-09-01T11:08:56.986048,8,1482,341
2025-09-01T11:08:59.549838,8,1495,341
2025-09-01T11:09:02.073722,8,1495,341
2025-09-01T11:09:04.684575,8,1495,341
2025-09-01T11:09:07.320463,8,1495,341
2025-09-01T11:09:10.077773,8,1495,341
2025-09-01T11:09:12.782906,8,1473,341
2025-09-01T11:09:15.881756,8,1473,341
2025-09-01T11:09:18.493874,8,1473,341
2025-09-01T11:09:21.223722,8,1473,341
2025-09-01T11:09:23.971626,8,1473,341
2025-09-01T11:09:26.715862,8,1473,341
2025-09-01T11:09:29.441899,8,1352,341
2025-09-01T11:09:32.048929,8,1352,341
2025-09-01T11:09:34.795399,8,1352,341
2025-09-01T11:09:37.522634,8,1352,341
2025-09-01T11:09:40.226113,8,1352,341
2025-09-01T11:09:42.888827,8,1510,340
2025-09-01T11:09:45.612260,8,1510,340
2025-09-01T11:09:48.197844,8,1510,340
2025-09-01T11:09:50.816321,8,1510,340
2025-09-01T11:09:53.793900,8,1510,340
2025-09-01T11:09:56.478740,8,1510,340
2025-09-01T11:09:59.144898,8,1535,340
2025-09-01T11:10:01.799195,8,1535,340
2025-09-01T11:10:04.400927,8,1535,340
2025-09-01T11:10:07.274404,8,1535,340
2025-09-01T11:10:09.834680,8,1535,340
2025-09-01T11:10:12.512235,8,1535,340
2025-09-01T11:10:15.202292,8,1508,341
2025-09-01T11:10:17.472464,8,1508,341
2025-09-01T11:10:19.695294,8,1508,341
2025-09-01T11:10:21.965783,8,1508,341
2025-09-01T11:10:24.490322,8,1508,341
2025-09-01T11:10:27.121225,8,1508,341
2025-09-01T11:10:29.737914,8,1050,340
2025-09-01T11:10:32.336332,8,1050,340
2025-09-01T11:10:34.917165,8,1050,340
2025-09-01T11:10:37.738722,8,1050,340
2025-09-01T11:10:40.559109,8,1050,340
2025-09-01T11:10:43.319490,8,1341,340
2025-09-01T11:10:46.036159,8,1341,340
2025-09-01T11:10:48.682447,8,1341,340
2025-09-01T11:10:51.519129,8,1341,340
2025-09-01T11:10:54.218084,8,1341,340
2025-09-01T11:10:56.875949,8,1341,340
2025-09-01T11:10:59.671097,8,1540,341
2025-09-01T11:11:02.653794,8,1540,341
2025-09-01T11:11:05.349302,8,1540,341
2025-09-01T11:11:08.052339,8,1540,341
2025-09-01T11:11:10.677995,8,1540,341
2025-09-01T11:11:13.441849,8,1547,341
2025-09-01T11:11:16.778466,8,1547,341
2025-09-01T11:11:19.673748,8,1547,341
2025-09-01T11:11:22.227953,8,1547,341
2025-09-01T11:11:24.844242,8,1547,341
2025-09-01T11:11:27.526206,8,1547,341
2025-09-01T11:11:30.121971,8,1423,342
2025-09-01T11:11:33.353792,8,1423,342
2025-09-01T11:11:36.049954,8,1423,342
2025-09-01T11:11:39.036900,8,1423,342
2025-09-01T11:11:41.554581,8,1423,342
2025-09-01T11:11:44.472123,8,1362,342
2025-09-01T11:11:47.194769,8,1362,342
2025-09-01T11:11:49.915388,8,1362,342
2025-09-01T11:11:52.555979,8,1362,342
2025-09-01T11:11:55.275200,8,1362,342
2025-09-01T11:11:58.448222,8,1506,341
2025-09-01T11:12:01.191176,8,1506,341
2025-09-01T11:12:03.887739,8,1506,341
2025-09-01T11:12:06.656716,8,1506,341
2025-09-01T11:12:09.373805,8,1506,341
2025-09-01T11:12:11.905808,8,1506,341
2025-09-01T11:12:14.704281,8,1548,340
2025-09-01T11:12:17.231272,8,1548,340
2025-09-01T11:12:20.541727,8,1548,340
2025-09-01T11:12:23.256424,8,1548,340
2025-09-01T11:12:25.471886,8,1548,340
2025-09-01T11:12:28.094685,8,1427,341
2025-09-01T11:12:31.001163,8,1427,341
2025-09-01T11:12:33.809866,8,1427,341
2025-09-01T11:12:36.493010,8,1427,341
2025-09-01T11:12:39.172046,8,1427,341
2025-09-01T11:12:41.827763,8,1427,341
2025-09-01T11:12:44.401955,8,1398,343
2025-09-01T11:12:47.081801,8,1398,343
2025-09-01T11:12:50.111675,8,1398,343
2025-09-01T11:12:52.777800,8,1398,343
2025-09-01T11:12:55.404100,8,1398,343
2025-09-01T11:12:58.258334,8,1498,341
2025-09-01T11:13:00.917984,8,1498,341
2025-09-01T11:13:03.709711,8,1498,341
2025-09-01T11:13:06.414711,8,1498,341
2025-09-01T11:13:09.497787,8,1498,341
2025-09-01T11:13:11.971741,8,1498,341
2025-09-01T11:13:14.470875,8,1460,342
2025-09-01T11:13:17.183689,8,1460,342
2025-09-01T11:13:20.016514,8,1460,342
2025-09-01T11:13:22.837377,8,1460,342
2025-09-01T11:13:25.543650,8,1460,342
2025-09-01T11:13:27.828475,8,1488,341
2025-09-01T11:13:30.248807,8,1488,341
2025-09-01T11:13:32.464029,8,1488,341
2025-09-01T11:13:35.090188,8,1488,341
2025-09-01T11:13:37.807684,8,1488,341
2025-09-01T11:13:40.419126,8,1488,341
2025-09-01T11:13:43.125873,8,862,337
2025-09-01T11:13:45.903348,8,862,337
2025-09-01T11:13:48.806686,8,862,337
2025-09-01T11:13:51.577902,8,862,337
2025-09-01T11:13:54.243115,8,862,337
2025-09-01T11:13:57.003500,8,862,337
2025-09-01T11:13:59.873957,8,1477,342
2025-09-01T11:14:02.523156,8,1477,342
2025-09-01T11:14:05.234257,8,1477,342
2025-09-01T11:14:07.941788,8,1477,342
2025-09-01T11:14:10.579745,8,1477,342
2025-09-01T11:14:13.246343,8,1515,344
2025-09-01T11:14:16.106025,8,1515,344
2025-09-01T11:14:18.630010,8,1515,344
2025-09-01T11:14:21.321987,8,1515,344
2025-09-01T11:14:24.083617,8,1515,344
2025-09-01T11:14:26.863022,8,1515,344
2025-09-01T11:14:29.454694,8,1527,345
2025-09-01T11:14:32.328466,8,1527,345
2025-09-01T11:14:34.569031,8,1527,345
2025-09-01T11:14:37.405802,8,1527,345
2025-09-01T11:14:40.067153,8,1527,345
2025-09-01T11:14:42.772968,8,1338,342
2025-09-01T11:14:45.786013,8,1338,342
2025-09-01T11:14:48.472811,8,1338,342
2025-09-01T11:14:51.135349,8,1338,342
2025-09-01T11:14:53.894661,8,1338,342
2025-09-01T11:14:56.762338,8,1338,342
2025-09-01T11:14:59.682439,8,1486,342
2025-09-01T11:15:02.776872,8,1486,342
2025-09-01T11:15:05.365961,8,1486,342
2025-09-01T11:15:07.936209,8,1486,342
2025-09-01T11:15:11.143457,8,1486,342
2025-09-01T11:15:13.770636,8,1522,342
2025-09-01T11:15:16.382038,8,1522,342
2025-09-01T11:15:19.043829,8,1522,342
2025-09-01T11:15:21.758706,8,1522,342
2025-09-01T11:15:24.808603,8,1522,342
2025-09-01T11:15:27.525778,8,1522,342
2025-09-01T11:15:30.144357,8,1503,345
2025-09-01T11:15:32.860733,8,1503,345
2025-09-01T11:15:35.501753,8,1503,345
2025-09-01T11:15:37.996132,8,1503,345
2025-09-01T11:15:40.602782,8,1503,345
2025-09-01T11:15:43.946895,8,1399,343
2025-09-01T11:15:46.644213,8,1399,343
2025-09-01T11:15:49.331438,8,1399,343
2025-09-01T11:15:51.990457,8,1399,343
2025-09-01T11:15:54.707797,8,1399,343
2025-09-01T11:15:57.459365,8,1399,343
2025-09-01T11:16:00.243423,8,1438,346
2025-09-01T11:16:02.882744,8,1438,346
2025-09-01T11:16:05.519560,8,1438,346
2025-09-01T11:16:08.256723,8,1438,346
2025-09-01T11:16:11.016082,8,1438,346
2025-09-01T11:16:14.058974,8,1510,346
2025-09-01T11:16:16.813146,8,1510,346
2025-09-01T11:16:19.709152,8,1510,346
2025-09-01T11:16:22.423705,8,1510,346
2025-09-01T11:16:25.273885,8,1510,346
2025-09-01T11:16:28.118689,8,1557,344
2025-09-01T11:16:30.887096,8,1557,344
2025-09-01T11:16:33.472805,8,1557,344
2025-09-01T11:16:36.226461,8,1557,344
2025-09-01T11:16:38.449204,8,1557,344
2025-09-01T11:16:40.692275,8,1557,344
2025-09-01T11:16:43.090300,8,1315,343
2025-09-01T11:16:45.803112,8,1315,343
2025-09-01T11:16:48.268504,8,1315,343
2025-09-01T11:16:50.918277,8,1315,343
2025-09-01T11:16:53.748411,8,1315,343
2025-09-01T11:16:56.397913,8,1315,343
2025-09-01T11:16:59.355505,8,1041,339
2025-09-01T11:17:01.982354,8,1041,339
2025-09-01T11:17:04.648172,8,1041,339
2025-09-01T11:17:07.247210,8,1041,339
2025-09-01T11:17:10.607448,8,1041,339
2025-09-01T11:17:13.490210,8,1521,343
2025-09-01T11:17:16.294642,8,1521,343
2025-09-01T11:17:18.774158,8,1521,343
2025-09-01T11:17:21.393842,8,1521,343
2025-09-01T11:17:23.945787,8,1521,343
2025-09-01T11:17:26.509093,8,1521,343
2025-09-01T11:17:29.333819,8,1510,344
2025-09-01T11:17:32.061941,8,1510,344
2025-09-01T11:17:34.714426,8,1510,344
2025-09-01T11:17:37.516525,8,1510,344
2025-09-01T11:17:40.214674,8,1510,344
2025-09-01T11:17:43.058839,8,1511,344
2025-09-01T11:17:45.332248,8,1511,344
2025-09-01T11:17:48.045311,8,1511,344
2025-09-01T11:17:50.875945,8,1511,344
2025-09-01T11:17:53.842369,8,1511,344
2025-09-01T11:17:56.934781,8,1511,344
2025-09-01T11:17:59.449920,8,1349,344
2025-09-01T11:18:02.117896,8,1349,344
2025-09-01T11:18:04.795866,8,1349,344
2025-09-01T11:18:07.453859,8,1349,344
2025-09-01T11:18:10.253755,8,1349,344
2025-09-01T11:18:12.806186,8,1472,343
2025-09-01T11:18:15.605062,8,1472,343
2025-09-01T11:18:18.202952,8,1472,343
2025-09-01T11:18:21.061132,8,1472,343
2025-09-01T11:18:23.791094,8,1472,343
2025-09-01T11:18:26.426518,8,1472,343
2025-09-01T11:18:29.231001,8,1510,344
2025-09-01T11:18:31.819136,8,1510,344
2025-09-01T11:18:34.578016,8,1510,344
2025-09-01T11:18:37.207483,8,1510,344
2025-09-01T11:18:39.694094,8,1510,344
2025-09-01T11:18:42.551357,8,1508,345
2025-09-01T11:18:45.484055,8,1508,345
2025-09-01T11:18:47.753878,8,1508,345
2025-09-01T11:18:50.410733,8,1508,345
2025-09-01T11:18:53.169899,8,1508,345
2025-09-01T11:18:55.771909,8,1508,345
2025-09-01T11:18:58.469798,8,1331,343
2025-09-01T11:19:01.121253,8,1331,343
2025-09-01T11:19:03.636807,8,1331,343
2025-09-01T11:19:06.305814,8,1331,343
2025-09-01T11:19:08.999047,8,1331,343
2025-09-01T11:19:11.578420,8,1331,343
2025-09-01T11:19:14.262755,8,1454,346
2025-09-01T11:19:17.039344,8,1454,346
2025-09-01T11:19:19.471298,8,1454,346
2025-09-01T11:19:22.167043,8,1454,346
2025-09-01T11:19:25.095312,8,1454,346
2025-09-01T11:19:28.067356,8,1498,346
2025-09-01T11:19:30.829048,8,1498,346
2025-09-01T11:19:33.510205,8,1498,346
2025-09-01T11:19:36.156241,8,1498,346
2025-09-01T11:19:38.602999,8,1498,346
2025-09-01T11:19:41.254281,8,1498,346
2025-09-01T11:19:43.858615,8,1522,346
2025-09-01T11:19:46.713249,8,1522,346
2025-09-01T11:19:49.033814,8,1522,346
2025-09-01T11:19:51.263107,8,1522,346
2025-09-01T11:19:53.465236,8,1522,346
2025-09-01T11:19:55.698930,8,1522,346
2025-09-01T11:19:58.504713,8,1182,345
2025-09-01T11:20:01.274610,8,1182,345
2025-09-01T11:20:03.921131,8,1182,345
2025-09-01T11:20:06.685789,8,1182,345
2025-09-01T11:20:09.361869,8,1182,345
2025-09-01T11:20:12.044015,8,1182,345
2025-09-01T11:20:14.901520,8,1211,346
2025-09-01T11:20:17.391577,8,1211,346
2025-09-01T11:20:20.071854,8,1211,346
2025-09-01T11:20:22.572114,8,1211,346
2025-09-01T11:20:25.333872,8,1211,346
2025-09-01T11:20:28.198394,8,1527,345
2025-09-01T11:20:30.981445,8,1527,345
2025-09-01T11:20:33.540853,8,1527,345
2025-09-01T11:20:36.234474,8,1527,345
2025-09-01T11:20:38.828327,8,1527,345
2025-09-01T11:20:41.409609,8,1527,345
2025-09-01T11:20:44.356950,8,1498,345
2025-09-01T11:20:47.242151,8,1498,345
2025-09-01T11:20:50.069838,8,1498,345
2025-09-01T11:20:52.812352,8,1498,345
2025-09-01T11:20:55.511795,8,1498,345
2025-09-01T11:20:57.722151,8,1412,345
2025-09-01T11:21:00.370851,8,1412,345
2025-09-01T11:21:03.042183,8,1412,345
2025-09-01T11:21:06.032541,8,1412,345
2025-09-01T11:21:08.662876,8,1412,345
2025-09-01T11:21:11.370557,8,1412,345
2025-09-01T11:21:14.210244,8,1404,345
2025-09-01T11:21:16.921211,8,1404,345
2025-09-01T11:21:19.488555,8,1404,345
2025-09-01T11:21:22.222878,8,1404,345
2025-09-01T11:21:24.810772,8,1404,345
2025-09-01T11:21:27.582311,8,1509,345
2025-09-01T11:21:30.397782,8,1509,345
2025-09-01T11:21:32.995683,8,1509,345
2025-09-01T11:21:35.561898,8,1509,345
2025-09-01T11:21:38.197919,8,1509,345
2025-09-01T11:21:41.008493,8,1509,345
2025-09-01T11:21:43.719012,8,1503,344
2025-09-01T11:21:46.353849,8,1503,344
2025-09-01T11:21:49.152415,8,1503,344
2025-09-01T11:21:51.825188,8,1503,344
2025-09-01T11:21:54.559765,8,1503,344
2025-09-01T11:21:57.154570,8,1503,344
2025-09-01T11:21:59.392999,8,1494,346
2025-09-01T11:22:02.485887,8,1494,346
2025-09-01T11:22:05.419985,8,1494,346
2025-09-01T11:22:08.178025,8,1494,346
2025-09-01T11:22:10.818702,8,1494,346
2025-09-01T11:22:13.478175,8,1337,345
2025-09-01T11:22:16.302275,8,1337,345
2025-09-01T11:22:19.386069,8,1337,345
2025-09-01T11:22:22.093927,8,1337,345
2025-09-01T11:22:24.871979,8,1337,345
2025-09-01T11:22:28.262485,8,1484,345
2025-09-01T11:22:30.934150,8,1484,345
2025-09-01T11:22:33.653730,8,1484,345
2025-09-01T11:22:36.326893,8,1484,345
2025-09-01T11:22:39.020850,8,1484,345
2025-09-01T11:22:41.615582,8,1484,345
2025-09-01T11:22:44.094912,8,1457,344
2025-09-01T11:22:46.634950,8,1457,344
2025-09-01T11:22:49.247053,8,1457,344
2025-09-01T11:22:51.720306,8,1457,344
2025-09-01T11:22:54.327102,8,1457,344
2025-09-01T11:22:57.082105,8,1457,344
2025-09-01T11:22:59.817744,8,1461,345
2025-09-01T11:23:02.039087,8,1461,345
2025-09-01T11:23:04.245795,8,1461,345
2025-09-01T11:23:06.547481,8,1461,345
2025-09-01T11:23:09.701788,8,1461,345
2025-09-01T11:23:12.251926,8,1461,345
2025-09-01T11:23:14.891203,8,861,342
2025-09-01T11:23:17.511102,8,861,342
2025-09-01T11:23:20.260234,8,861,342
2025-09-01T11:23:23.234388,8,861,342
2025-09-01T11:23:25.751963,8,861,342
2025-09-01T11:23:28.381953,8,1308,346
2025-09-01T11:23:31.117923,8,1308,346
2025-09-01T11:23:33.830836,8,1308,346
2025-09-01T11:23:36.591737,8,1308,346
2025-09-01T11:23:39.331614,8,1308,346
2025-09-01T11:23:41.853790,8,1308,346
2025-09-01T11:23:44.702911,8,1493,346
2025-09-01T11:23:47.438371,8,1493,346
2025-09-01T11:23:50.013082,8,1493,346
2025-09-01T11:23:52.610477,8,1493,346
2025-09-01T11:23:55.335558,8,1493,346
2025-09-01T11:23:58.170191,8,1455,348
2025-09-01T11:24:00.881260,8,1455,348
2025-09-01T11:24:03.635127,8,1455,348
2025-09-01T11:24:06.282734,8,1455,348
2025-09-01T11:24:08.507196,8,1455,348
2025-09-01T11:24:11.195143,8,1455,348
2025-09-01T11:24:14.042523,8,1373,347
2025-09-01T11:24:16.811732,8,1373,347
2025-09-01T11:24:19.445535,8,1373,347
2025-09-01T11:24:22.098092,8,1373,347
2025-09-01T11:24:24.764445,8,1373,347
2025-09-01T11:24:27.338335,8,1373,347
2025-09-01T11:24:29.982093,8,1365,345
2025-09-01T11:24:32.660691,8,1365,345
2025-09-01T11:24:35.788685,8,1365,345
2025-09-01T11:24:38.351836,8,1365,345
2025-09-01T11:24:40.866406,8,1365,345
2025-09-01T11:24:43.375228,8,1514,346
2025-09-01T11:24:46.114491,8,1514,346
2025-09-01T11:24:48.811625,8,1514,346
2025-09-01T11:24:51.655518,8,1514,346
2025-09-01T11:24:54.416376,8,1514,346
2025-09-01T11:24:57.238306,8,1514,346
2025-09-01T11:24:59.926110,8,1512,345
2025-09-01T11:25:02.742682,8,1512,345
2025-09-01T11:25:05.413324,8,1512,345
2025-09-01T11:25:08.357625,8,1512,345
2025-09-01T11:25:10.575599,8,1512,345
2025-09-01T11:25:13.523276,8,1490,345
2025-09-01T11:25:16.158150,8,1490,345
2025-09-01T11:25:18.874567,8,1490,345
2025-09-01T11:25:21.834332,8,1490,345
2025-09-01T11:25:24.611217,8,1490,345
2025-09-01T11:25:27.458875,8,1490,345
2025-09-01T11:25:30.140995,8,1378,346
2025-09-01T11:25:32.825927,8,1378,346
2025-09-01T11:25:35.410082,8,1378,346
2025-09-01T11:25:38.029287,8,1378,346
2025-09-01T11:25:40.916606,8,1378,346
2025-09-01T11:25:43.802551,8,1465,345
2025-09-01T11:25:46.479899,8,1465,345
2025-09-01T11:25:49.376015,8,1465,345
2025-09-01T11:25:51.955494,8,1465,345
2025-09-01T11:25:54.754375,8,1465,345
2025-09-01T11:25:57.355437,8,1465,345
2025-09-01T11:26:00.090160,8,1472,347
2025-09-01T11:26:02.748578,8,1472,347
2025-09-01T11:26:05.234382,8,1472,347
2025-09-01T11:26:07.891955,8,1472,347
2025-09-01T11:26:10.673755,8,1472,347
2025-09-01T11:26:12.924826,8,1472,347
2025-09-01T11:26:15.189445,8,1428,345
2025-09-01T11:26:17.418460,8,1428,345
2025-09-01T11:26:20.285952,8,1428,345
2025-09-01T11:26:22.809841,8,1428,345
2025-09-01T11:26:25.417023,8,1428,345
2025-09-01T11:26:28.042612,8,1118,344
2025-09-01T11:26:30.615671,8,1118,344
2025-09-01T11:26:33.161794,8,1118,344
2025-09-01T11:26:35.755879,8,1118,344
2025-09-01T11:26:38.589932,8,1118,344
2025-09-01T11:26:41.232323,8,1118,344
2025-09-01T11:26:44.000896,8,1380,346
2025-09-01T11:26:46.786929,8,1380,346
2025-09-01T11:26:49.371120,8,1380,346
2025-09-01T11:26:51.907739,8,1380,346
2025-09-01T11:26:54.545331,8,1380,346
2025-09-01T11:26:57.158785,8,1380,346
2025-09-01T11:26:59.780516,8,1497,347
2025-09-01T11:27:02.282996,8,1497,347
2025-09-01T11:27:05.038549,8,1497,347
2025-09-01T11:27:07.934553,8,1497,347
2025-09-01T11:27:10.686220,8,1497,347
2025-09-01T11:27:13.644084,8,1504,346
2025-09-01T11:27:16.316177,8,1504,346
2025-09-01T11:27:18.562716,8,1504,346
2025-09-01T11:27:21.140018,8,1504,346
2025-09-01T11:27:23.938000,8,1504,346
2025-09-01T11:27:26.486966,8,1504,346
2025-09-01T11:27:29.190419,8,1330,346
2025-09-01T11:27:32.113907,8,1330,346
2025-09-01T11:27:34.693134,8,1330,346
2025-09-01T11:27:37.270814,8,1330,346
2025-09-01T11:27:39.762672,8,1330,346
2025-09-01T11:27:42.299667,8,1330,346
2025-09-01T11:27:44.966584,8,1452,347
2025-09-01T11:27:48.007963,8,1452,347
2025-09-01T11:27:50.667514,8,1452,347
2025-09-01T11:27:53.619559,8,1452,347
2025-09-01T11:27:56.183528,8,1452,347
2025-09-01T11:27:58.747550,8,1509,347
2025-09-01T11:28:01.306771,8,1509,347
2025-09-01T11:28:04.150056,8,1509,347
2025-09-01T11:28:06.869762,8,1509,347
2025-09-01T11:28:09.377854,8,1509,347
2025-09-01T11:28:12.146598,8,1509,347
2025-09-01T11:28:14.900085,8,1505,347
2025-09-01T11:28:17.554511,8,1505,347
2025-09-01T11:28:20.306148,8,1505,347
2025-09-01T11:28:23.088496,8,1505,347
2025-09-01T11:28:25.901999,8,1505,347
2025-09-01T11:28:28.917808,8,1386,346
2025-09-01T11:28:31.615549,8,1386,346
2025-09-01T11:28:34.516534,8,1386,346
2025-09-01T11:28:37.170162,8,1386,346
2025-09-01T11:28:40.338136,8,1386,346
2025-09-01T11:28:42.867529,8,1481,347
2025-09-01T11:28:45.626020,8,1481,347
2025-09-01T11:28:48.399917,8,1481,347
2025-09-01T11:28:51.317803,8,1481,347
2025-09-01T11:28:54.133953,8,1481,347
2025-09-01T11:28:56.798353,8,1481,347
2025-09-01T11:28:59.338315,8,1490,349
2025-09-01T11:29:01.943193,8,1490,349
2025-09-01T11:29:04.625309,8,1490,349
2025-09-01T11:29:07.438077,8,1490,349
2025-09-01T11:29:10.274817,8,1490,349
2025-09-01T11:29:12.930060,8,1493,346
2025-09-01T11:29:15.754989,8,1493,346
2025-09-01T11:29:18.382384,8,1493,346
2025-09-01T11:29:21.332954,8,1493,346
2025-09-01T11:29:23.653086,8,1493,346
2025-09-01T11:29:25.993775,8,1493,346
