run,pods,container_cpu,container_mem,target_conc,target_rps,throughput_rps,actual_rps,total_requests,average,average_ms,median,median_ms,p95,p95_ms,p99,p99_ms
B1,1,1000m,1Gi,100,19.98333333333333,19.98333333333333,19.98333333333333,1199.0,22452.153044203504,22.452153044203502,21901.0,21.901,36353.8,36.3538,50179.05999999996,50.179059999999964
B1,1,1000m,1Gi,100,20.0,20.0,20.0,1200.0,24797.10583333333,24.79710583333333,23530.5,23.5305,37311.59999999999,37.31159999999999,49948.51999999999,49.94851999999999
B1,1,1000m,1Gi,100,39.85,39.85,39.85,2391.0,25454.98410706817,25.454984107068167,24120.0,24.12,45303.5,45.3035,69550.99999999983,69.55099999999983
B1,1,1000m,1Gi,100,39.86666666666667,39.86666666666667,39.86666666666667,2392.0,25770.446488294314,25.770446488294315,23433.5,23.4335,43396.925,43.396925,74381.27500000017,74.38127500000017
B1,1,1000m,1Gi,100,61.78333333333333,61.78333333333333,61.78333333333333,3707.0,24611.07418397626,24.61107418397626,22714.0,22.714,46701.8,46.701800000000006,69412.38000000006,69.41238000000007
B1,1,1000m,1Gi,100,61.81666666666667,61.81666666666667,61.81666666666667,3709.0,23520.491507144783,23.520491507144783,22894.0,22.894,48458.19999999998,48.458199999999984,76883.72000000006,76.88372000000005
B1,1,1000m,1Gi,100,62.25,62.25,62.25,3735.0,22697.300669344044,22.697300669344045,23070.0,23.07,43886.3,43.886300000000006,58927.51999999999,58.92751999999999
B1,1,1000m,1Gi,100,81.88333333333334,81.88333333333334,81.88333333333334,4913.0,24258.197435375536,24.258197435375536,22265.0,22.265,53159.6,53.1596,88376.48000000001,88.37648000000002
B1,1,1000m,1Gi,100,81.96666666666667,81.96666666666667,81.96666666666667,4918.0,24316.995119967465,24.316995119967466,23443.5,23.4435,50344.6,50.3446,73385.02999999997,73.38502999999997
B1,1,1000m,1Gi,100,82.05,82.05,82.05,4923.0,28998.770871419867,28.998770871419868,26286.0,26.286,59230.4,59.2304,111607.03999999986,111.60703999999986
B1,1,1000m,1Gi,100,97.73333333333332,97.73333333333332,97.73333333333332,5864.0,23602.714188267397,23.602714188267395,21025.5,21.0255,56465.99999999999,56.465999999999994,86261.16999999997,86.26116999999996
B1,1,1000m,1Gi,100,97.9,97.9,97.9,5874.0,24738.653047327203,24.738653047327205,22458.5,22.4585,55278.4,55.278400000000005,85667.51999999996,85.66751999999995
B1,1,1000m,1Gi,100,98.03333333333332,98.03333333333332,98.03333333333332,5882.0,30092.3332199932,30.0923332199932,25828.0,25.828,62105.9,62.1059,115128.20999999988,115.12820999999988
B1,1,1000m,1Gi,100,120.83333333333331,120.83333333333331,120.83333333333331,7250.0,29046.68068965517,29.046680689655172,25525.0,25.525,67228.89999999982,67.22889999999983,112252.27000000012,112.25227000000012
B1,1,1000m,1Gi,100,121.21666666666668,121.21666666666668,121.21666666666668,7273.0,25649.375360923965,25.649375360923965,21957.0,21.957,61652.79999999998,61.65279999999998,94118.4,94.1184
B1,1,1000m,1Gi,100,121.31666666666666,121.31666666666666,121.31666666666666,7279.0,27120.147547740075,27.120147547740075,23506.0,23.506,62125.499999999935,62.12549999999993,105567.50000000006,105.56750000000005
B1,1,1000m,1Gi,100,136.5,136.5,136.5,8190.0,28938.26080586081,28.93826080586081,23750.5,23.7505,73779.59999999999,73.77959999999999,111589.68999999968,111.58968999999968
B1,1,1000m,1Gi,100,136.71666666666667,136.71666666666667,136.71666666666667,8203.0,30142.392905034743,30.142392905034743,24561.0,24.561,74168.09999999998,74.16809999999998,117662.6799999996,117.6626799999996
B1,1,1000m,1Gi,100,136.9,136.9,136.9,8214.0,31216.59788166545,31.21659788166545,26813.0,26.813,70273.15,70.27315,125610.59,125.61059
B1,1,1000m,1Gi,100,156.7,156.7,156.7,9402.0,39583.2013401404,39.5832013401404,32726.0,32.726,98162.14999999994,98.16214999999994,167984.6199999998,167.98461999999978
B1,1,1000m,1Gi,100,156.76666666666668,156.76666666666668,156.76666666666668,9406.0,39181.92292153944,39.18192292153944,33379.5,33.3795,92460.5,92.4605,136196.60000000003,136.19660000000005
B1,1,1000m,1Gi,100,157.08333333333334,157.08333333333334,157.08333333333334,9425.0,37987.10652519894,37.98710652519894,32395.0,32.395,86339.99999999997,86.33999999999997,142325.68000000014,142.32568000000015
B1,1,1000m,1Gi,100,181.78333333333333,181.78333333333333,181.78333333333333,10907.0,59120.280920509766,59.120280920509764,43571.0,43.571,157350.49999999997,157.35049999999998,342380.16000000015,342.38016000000016
B1,1,1000m,1Gi,100,182.4,182.4,182.4,10944.0,51385.48044590643,51.38548044590643,41497.5,41.4975,122891.55000000008,122.89155000000008,228266.8999999996,228.2668999999996
B1,1,1000m,1Gi,100,183.26666666666668,183.26666666666668,183.26666666666668,10996.0,51863.77555474718,51.863775554747185,43103.0,43.103,120140.5,120.1405,222763.54999999903,222.76354999999901
B1,1,1000m,1Gi,100,183.85,183.85,183.85,11031.0,46132.57528782522,46.13257528782522,39853.0,39.853,104234.0,104.234,150372.20000000056,150.37220000000056
B1,1,1000m,1Gi,100,184.91666666666663,184.91666666666663,184.91666666666663,11095.0,53748.79585398828,53.748795853988284,43752.0,43.752,125666.29999999994,125.66629999999995,281249.53999999986,281.24953999999985
B1,1,1000m,1Gi,100,186.15,186.15,186.15,11169.0,46923.99883606411,46.92399883606411,40316.0,40.316,108175.2,108.1752,177471.75999999983,177.47175999999985
B1,1,1000m,1Gi,100,219.3,219.3,219.3,13158.0,64869.4087247302,64.8694087247302,57000.0,57.0,140681.05,140.68105,209235.48000000007,209.23548000000008
B1,1,1000m,1Gi,100,219.7,219.7,219.7,13182.0,67168.61993627674,67.16861993627674,55322.0,55.322,164493.24999999985,164.49324999999985,315374.4700000006,315.3744700000006
B1,1,1000m,1Gi,100,220.5,220.5,220.5,13230.0,67313.00793650794,67.31300793650794,57780.0,57.78,153018.04999999996,153.01804999999996,231715.59999999995,231.71559999999994
B1,1,1000m,1Gi,100,222.0,222.0,222.0,13320.0,65470.956006006,65.470956006006,52937.0,52.937,140319.9,140.3199,317544.44999999995,317.5444499999999
B1,1,1000m,1Gi,100,222.2333333333333,222.2333333333333,222.2333333333333,13334.0,62934.08429578521,62.934084295785205,55657.0,55.657,136522.04999999987,136.52204999999987,194023.1,194.0231
B1,1,1000m,1Gi,100,224.05,224.05,224.05,13443.0,54804.94004314513,54.80494004314513,47739.0,47.739,124250.69999999998,124.25069999999998,185318.9,185.31889999999999
B1,1,1000m,1Gi,100,263.8833333333333,263.8833333333333,263.8833333333333,15833.0,90163.9262300259,90.1639262300259,78534.0,78.534,203068.2,203.06820000000002,286707.16000000003,286.70716000000004
B1,1,1000m,1Gi,100,267.2,267.2,267.2,16032.0,97795.73783682636,97.79573783682636,82471.5,82.4715,229549.4,229.5494,346142.21000000054,346.14221000000055
B1,1,1000m,1Gi,100,268.21666666666664,268.21666666666664,268.21666666666664,16093.0,93562.43403964456,93.56243403964456,81454.0,81.454,206567.4,206.5674,311285.16,311.28515999999996
B1,1,1000m,1Gi,100,269.6,269.6,269.6,16176.0,102482.48503956478,102.48248503956478,85624.0,85.624,237752.5,237.7525,351980.75,351.98075
B1,1,1000m,1Gi,100,270.2,270.2,270.2,16212.0,101042.62700468788,101.04262700468787,83138.5,83.1385,243778.94999999992,243.77894999999992,384231.3499999999,384.2313499999999
B1,1,1000m,1Gi,100,270.28333333333336,270.28333333333336,270.28333333333336,16217.0,103187.52124313993,103.18752124313993,84780.0,84.78,249768.8,249.7688,365970.72,365.97072
B1,1,1000m,1Gi,100,270.6166666666667,270.6166666666667,270.6166666666667,16237.0,97081.84153476628,97.08184153476628,80670.0,80.67,235578.8,235.5788,330498.71999999986,330.4987199999999
B1,1,1000m,1Gi,100,277.6,277.6,277.6,16656.0,97045.1706292027,97.04517062920269,83030.0,83.03,223680.75,223.68075,334343.4,334.34340000000003
B1,1,1000m,1Gi,100,277.65,277.65,277.65,16659.0,106331.0643496008,106.3310643496008,85520.0,85.52,257964.3999999998,257.9643999999998,457740.8399999999,457.74083999999993
B1,1,1000m,1Gi,100,278.05,278.05,278.05,16683.0,113592.7393754121,113.5927393754121,83455.0,83.455,314697.89999999985,314.69789999999983,611239.26,611.2392600000001
B1,1,1000m,1Gi,100,278.81666666666666,278.81666666666666,278.81666666666666,16729.0,100037.1985773208,100.0371985773208,84500.0,84.5,231923.0,231.923,330193.3600000008,330.1933600000008
B1,1,1000m,1Gi,100,279.5833333333333,279.5833333333333,279.5833333333333,16775.0,99271.81871833083,99.27181871833083,82144.0,82.144,242153.1,242.1531,367769.53999999934,367.7695399999993
B1,1,1000m,1Gi,100,321.3333333333333,321.3333333333333,321.3333333333333,19280.0,664149.5394190871,664.1495394190871,317083.0,317.083,2047403.2,2047.4032,2290896.82,2290.89682
B1,1,1000m,1Gi,100,323.55,323.55,323.55,19413.0,325773.6592489569,325.7736592489569,225492.0,225.492,888823.1999999998,888.8231999999998,1079988.44,1079.9884399999999
B1,1,1000m,1Gi,100,329.43333333333334,329.43333333333334,329.43333333333334,19766.0,362421.16675098654,362.4211667509865,267456.5,267.4565,965813.75,965.81375,1320144.249999998,1320.144249999998
B1,1,1000m,1Gi,100,330.4,330.4,330.4,19824.0,354517.8326271186,354.51783262711865,271926.5,271.9265,894834.25,894.83425,1056603.62,1056.60362
B1,1,1000m,1Gi,100,330.6166666666667,330.6166666666667,330.6166666666667,19837.0,299642.9271059132,299.64292710591315,264268.0,264.268,635642.2000000001,635.6422000000001,746290.3599999996,746.2903599999996
B1,1,1000m,1Gi,100,332.53333333333336,332.53333333333336,332.53333333333336,19952.0,593336.0485665598,593.3360485665598,392433.0,392.433,1995539.600000002,1995.5396000000019,2520460.0700000008,2520.4600700000005
B1,1,1000m,1Gi,100,334.96666666666664,334.96666666666664,334.96666666666664,20098.0,517332.4303413275,517.3324303413275,371240.5,371.2405,1491124.95,1491.12495,1705277.6,1705.2776000000001
B1,1,1000m,1Gi,100,336.01666666666665,336.01666666666665,336.01666666666665,20161.0,595508.4029562026,595.5084029562026,437223.0,437.223,1472846.0,1472.846,1761792.800000002,1761.792800000002
B1,1,1000m,1Gi,100,338.21666666666664,338.21666666666664,338.21666666666664,20293.0,399075.6492879318,399.0756492879318,384633.0,384.633,742955.3999999999,742.9553999999999,868855.0399999997,868.8550399999997
B1,1,1000m,1Gi,100,339.18333333333334,339.18333333333334,339.18333333333334,20351.0,346206.5377131345,346.2065377131345,283570.0,283.57,857841.5,857.8415,1024145.5,1024.1455
B1,1,1000m,1Gi,100,340.76666666666665,340.76666666666665,340.76666666666665,20446.0,989898.8039225276,989.8988039225276,972860.0,972.86,1669185.25,1669.18525,1857362.6999999995,1857.3626999999994
B1,1,1000m,1Gi,100,340.85,340.85,340.85,20451.0,1475806.6368881718,1475.8066368881719,1128326.0,1128.326,3540748.5,3540.7485,3842083.0,3842.083
B1,1,1000m,1Gi,100,341.35,341.35,341.35,20481.0,615699.1164982179,615.6991164982179,435852.0,435.852,1812120.0,1812.12,2120866.2,2120.8662000000004
B1,1,1000m,1Gi,100,341.5833333333333,341.5833333333333,341.5833333333333,20495.0,365699.83844840206,365.6998384484021,269868.0,269.868,979230.7999999998,979.2307999999998,1173364.4400000009,1173.364440000001
B1,1,1000m,1Gi,100,342.1666666666667,342.1666666666667,342.1666666666667,20530.0,420041.5701899659,420.0415701899659,345319.0,345.319,1045271.05,1045.27105,1220090.9799999995,1220.0909799999995
B1,1,1000m,1Gi,100,342.75,342.75,342.75,20565.0,592108.1528324824,592.1081528324823,508275.0,508.275,1300339.0,1300.339,1508752.7200000002,1508.7527200000002
B1,1,1000m,1Gi,100,343.43333333333334,343.43333333333334,343.43333333333334,20606.0,242750.33849364263,242.75033849364263,201283.5,201.2835,576739.75,576.73975,741999.4500000008,741.9994500000008
B1,1,1000m,1Gi,100,343.7333333333333,343.7333333333333,343.7333333333333,20624.0,519924.77574670286,519.9247757467028,454528.5,454.5285,1225000.1,1225.0001000000002,1449698.36,1449.69836
B1,1,1000m,1Gi,100,344.28333333333336,344.28333333333336,344.28333333333336,20657.0,591590.0797308418,591.5900797308418,434301.0,434.301,1397361.6,1397.3616000000002,2358887.4,2358.8874
B1,1,1000m,1Gi,100,345.15,345.15,345.15,20709.0,324068.9673571877,324.0689673571877,284522.0,284.522,711228.7999999999,711.2288,887620.8799999991,887.620879999999
B1,1,1000m,1Gi,100,345.3,345.3,345.3,20718.0,1043768.1293078484,1043.7681293078483,886279.5,886.2795,2863434.899999999,2863.434899999999,3218139.7199999997,3218.1397199999997
B1,1,1000m,1Gi,100,346.51666666666665,346.51666666666665,346.51666666666665,20791.0,265616.44567360874,265.6164456736087,198467.0,198.467,736464.0,736.464,939550.1,939.5500999999999
B1,1,1000m,1Gi,100,346.81666666666666,346.81666666666666,346.81666666666666,20809.0,396559.3893507617,396.5593893507617,368978.0,368.978,832683.9999999992,832.6839999999992,1029913.9599999988,1029.9139599999987
B1,1,1000m,1Gi,100,347.03333333333336,347.03333333333336,347.03333333333336,20822.0,356407.1557007012,356.4071557007012,279938.0,279.938,858546.8000000003,858.5468000000003,1112826.0000000005,1112.8260000000005
B1,1,1000m,1Gi,100,347.1333333333333,347.1333333333333,347.1333333333333,20828.0,406631.8450163242,406.6318450163242,301657.5,301.6575,1176029.0,1176.029,1402162.0399999998,1402.1620399999997
B1,1,1000m,1Gi,100,350.95,350.95,350.95,21057.0,674460.4125943866,674.4604125943866,293771.0,293.771,2257378.2,2257.3782,2657287.879999998,2657.287879999998
B1,1,1000m,1Gi,100,351.01666666666665,351.01666666666665,351.01666666666665,21061.0,725045.352737287,725.045352737287,553716.0,553.716,1660456.0,1660.456,1869703.800000001,1869.703800000001
B2,2,500m,500Mi,50,19.966666666666665,19.966666666666665,19.966666666666665,1198.0,26893.90484140234,26.89390484140234,25439.0,25.439,41933.49999999997,41.933499999999974,53782.70999999988,53.78270999999988
B2,2,500m,500Mi,50,20.0,20.0,20.0,1200.0,25851.54583333333,25.85154583333333,23949.0,23.949,41987.525,41.987525,72833.00999999995,72.83300999999994
B2,2,500m,500Mi,50,39.833333333333336,39.833333333333336,39.833333333333336,2390.0,27199.83640167364,27.199836401673643,25891.5,25.8915,49166.99999999997,49.16699999999997,68561.84000000023,68.56184000000023
B2,2,500m,500Mi,50,39.86666666666667,39.86666666666667,39.86666666666667,2392.0,29287.328595317726,29.287328595317724,27261.0,27.261,53343.774999999994,53.343774999999994,88920.03500000047,88.92003500000047
B2,2,500m,500Mi,50,61.93333333333333,61.93333333333333,61.93333333333333,3716.0,27696.19052744887,27.69619052744887,26157.5,26.1575,57094.0,57.094,96897.2499999999,96.8972499999999
B2,2,500m,500Mi,50,61.95,61.95,61.95,3717.0,26766.586225450632,26.76658622545063,24478.0,24.478,56822.99999999999,56.82299999999999,91091.28000000009,91.09128000000008
B2,2,500m,500Mi,50,62.0,62.0,62.0,3720.0,29471.30026881721,29.47130026881721,27158.0,27.158,57695.14999999998,57.69514999999998,96971.3,96.9713
B2,2,500m,500Mi,50,81.41666666666667,81.41666666666667,81.41666666666667,4885.0,29076.26612077789,29.07626612077789,26640.0,26.64,61696.20000000001,61.69620000000001,89714.83999999992,89.71483999999992
B2,2,500m,500Mi,50,81.83333333333333,81.83333333333333,81.83333333333333,4910.0,28255.691242362525,28.255691242362527,25418.5,25.4185,62086.400000000016,62.08640000000002,93143.38999999988,93.14338999999988
B2,2,500m,500Mi,50,81.96666666666667,81.96666666666667,81.96666666666667,4918.0,27930.2783651891,27.9302783651891,25543.0,25.543,60719.44999999997,60.719449999999966,86987.88999999998,86.98788999999998
B2,2,500m,500Mi,50,96.71666666666668,96.71666666666668,96.71666666666668,5803.0,27172.68826469068,27.17268826469068,23470.0,23.47,62954.5,62.9545,89810.99999999994,89.81099999999994
B2,2,500m,500Mi,50,96.9,96.9,96.9,5814.0,31112.57413140695,31.112574131406948,27726.0,27.726,67259.45,67.25945,109030.54999999996,109.03054999999996
B2,2,500m,500Mi,50,97.85,97.85,97.85,5871.0,28175.93118719128,28.175931187191278,25334.0,25.334,63315.5,63.3155,92199.10000000002,92.19910000000002
B2,2,500m,500Mi,50,119.43333333333334,119.43333333333334,119.43333333333334,7166.0,30900.32723974323,30.90032723974323,26843.0,26.843,68525.0,68.525,106487.3,106.4873
B2,2,500m,500Mi,50,119.88333333333334,119.88333333333334,119.88333333333334,7193.0,29977.786598081468,29.97778659808147,26217.0,26.217,66064.99999999996,66.06499999999996,98684.08,98.68408000000001
B2,2,500m,500Mi,50,119.96666666666668,119.96666666666668,119.96666666666668,7198.0,29741.110308419004,29.741110308419003,26420.5,26.4205,64047.9,64.0479,95373.45999999998,95.37345999999998
B2,2,500m,500Mi,50,134.28333333333333,134.28333333333333,134.28333333333333,8057.0,31989.581109594143,31.98958110959414,26967.0,26.967,70621.4,70.6214,105195.7599999997,105.19575999999971
B2,2,500m,500Mi,50,134.58333333333334,134.58333333333334,134.58333333333334,8075.0,32553.06241486068,32.55306241486068,28296.0,28.296,72964.79999999994,72.96479999999994,105485.30000000002,105.48530000000002
B2,2,500m,500Mi,50,135.1,135.1,135.1,8106.0,33478.2499383173,33.4782499383173,28798.0,28.798,75177.75,75.17775,121207.69999999994,121.20769999999995
B2,2,500m,500Mi,50,152.53333333333333,152.53333333333333,152.53333333333333,9152.0,39726.633304195806,39.72663330419581,35405.0,35.405,85416.49999999984,85.41649999999984,132218.09999999995,132.21809999999994
B2,2,500m,500Mi,50,154.0,154.0,154.0,9240.0,36964.766774891774,36.96476677489177,30179.0,30.179,82676.79999999997,82.67679999999997,132844.66000000064,132.84466000000063
B2,2,500m,500Mi,50,155.01666666666668,155.01666666666668,155.01666666666668,9301.0,31647.333405010213,31.64733340501021,26602.0,26.602,74116.0,74.116,107878.0,107.878
B2,2,500m,500Mi,50,174.93333333333334,174.93333333333334,174.93333333333334,10496.0,42469.62233231707,42.46962233231707,37780.5,37.7805,89236.25,89.23625,131544.74999999985,131.54474999999985
B2,2,500m,500Mi,50,179.3,179.3,179.3,10758.0,36944.42229038855,36.94442229038855,31287.5,31.2875,85270.15,85.27015,128986.42000000004,128.98642000000004
B2,2,500m,500Mi,50,179.75,179.75,179.75,10785.0,37841.78354195642,37.841783541956424,32247.5,32.2475,86311.69999999998,86.31169999999999,125515.84,125.51584
B2,2,500m,500Mi,50,181.4333333333333,181.4333333333333,181.4333333333333,10886.0,34455.61960316002,34.45561960316002,28983.5,28.9835,81033.0,81.033,117190.94999999995,117.19094999999996
B2,2,500m,500Mi,50,181.46666666666667,181.46666666666667,181.46666666666667,10888.0,37826.92946362968,37.82692946362968,32916.0,32.916,85217.59999999998,85.21759999999998,122213.41999999995,122.21341999999996
B2,2,500m,500Mi,50,201.26666666666668,201.26666666666668,201.26666666666668,12076.0,57037.10226896323,57.03710226896323,49011.0,49.011,114364.0,114.364,192669.5,192.6695
B2,2,500m,500Mi,50,206.78333333333333,206.78333333333333,206.78333333333333,12407.0,49828.63818811961,49.828638188119605,43998.0,43.998,105043.0,105.043,151438.86000000013,151.43886000000012
B2,2,500m,500Mi,50,208.45,208.45,208.45,12507.0,48006.016950507714,48.006016950507714,41707.0,41.707,103203.29999999996,103.20329999999996,148774.1200000001,148.77412000000012
B2,2,500m,500Mi,50,209.16666666666663,209.16666666666663,209.16666666666663,12550.0,48082.36796812749,48.082367968127485,42437.0,42.437,103192.24999999996,103.19224999999996,147213.51,147.21351
B2,2,500m,500Mi,50,210.66666666666663,210.66666666666663,210.66666666666663,12640.0,48034.02444620253,48.03402444620253,42865.0,42.865,105165.2,105.1652,147244.44000000018,147.24444000000017
B2,2,500m,500Mi,50,211.15,211.15,211.15,12669.0,41726.29773462784,41.72629773462784,35743.0,35.743,94270.0,94.27,137491.59999999986,137.49159999999986
B2,2,500m,500Mi,50,242.28333333333333,242.28333333333333,242.28333333333333,14537.0,59475.56366513036,59.47556366513036,52506.0,52.506,127097.4,127.0974,176759.59999999992,176.75959999999992
B2,2,500m,500Mi,50,242.35,242.35,242.35,14541.0,58413.132728148,58.413132728148,52512.0,52.512,120970.0,120.97,163597.8000000001,163.5978000000001
B2,2,500m,500Mi,50,243.1833333333333,243.1833333333333,243.1833333333333,14591.0,61174.73983962717,61.174739839627165,54651.0,54.651,128774.5,128.7745,178693.60000000027,178.69360000000026
B2,2,500m,500Mi,50,244.58333333333331,244.58333333333331,244.58333333333331,14675.0,60526.74139693356,60.52674139693356,54554.0,54.554,123992.79999999996,123.99279999999996,171453.44000000012,171.4534400000001
B2,2,500m,500Mi,50,246.3,246.3,246.3,14778.0,57000.11402084179,57.00011402084179,50564.0,50.564,122549.85,122.54985,174664.28999999986,174.66428999999985
B2,2,500m,500Mi,50,247.58333333333331,247.58333333333331,247.58333333333331,14855.0,56329.05466173006,56.329054661730055,50694.0,50.694,117516.09999999996,117.51609999999997,159099.87999999995,159.09987999999996
B2,2,500m,500Mi,50,248.11666666666667,248.11666666666667,248.11666666666667,14887.0,55938.67468260899,55.93867468260899,48815.0,48.815,119333.69999999995,119.33369999999995,171343.29999999987,171.34329999999989
B2,2,500m,500Mi,50,250.01666666666668,250.01666666666668,250.01666666666668,15001.0,54858.39050729951,54.85839050729951,47741.0,47.741,120517.0,120.517,170042.0,170.042
B2,2,500m,500Mi,50,251.03333333333333,251.03333333333333,251.03333333333333,15062.0,54712.63251892179,54.71263251892179,48809.0,48.809,113287.64999999986,113.28764999999986,157960.54999999987,157.96054999999987
B2,2,500m,500Mi,50,253.11666666666667,253.11666666666667,253.11666666666667,15187.0,59868.86962533746,59.86886962533746,50860.0,50.86,123679.6,123.67960000000001,210126.5599999996,210.12655999999959
B2,2,500m,500Mi,50,253.53333333333333,253.53333333333333,253.53333333333333,15212.0,56165.13305285301,56.16513305285301,49828.5,49.8285,120443.64999999998,120.44364999999998,172366.30999999988,172.36630999999988
B2,2,500m,500Mi,50,264.1666666666667,264.1666666666667,264.1666666666667,15850.0,52733.044164037856,52.73304416403786,46347.0,46.347,114132.4,114.13239999999999,160263.5100000001,160.2635100000001
B2,2,500m,500Mi,50,293.1,293.1,293.1,17586.0,88973.02973956557,88.97302973956556,80927.0,80.927,175454.25,175.45425,241715.30000000028,241.71530000000027
B2,2,500m,500Mi,50,298.1333333333333,298.1333333333333,298.1333333333333,17888.0,73365.13763416816,73.36513763416816,64863.0,64.863,154084.84999999986,154.08484999999985,221653.30000000025,221.65330000000026
B2,2,500m,500Mi,50,300.03333333333336,300.03333333333336,300.03333333333336,18002.0,75113.22353071881,75.11322353071881,64937.0,64.937,152319.40000000002,152.31940000000003,258110.2700000009,258.11027000000087
B2,2,500m,500Mi,50,304.1,304.1,304.1,18246.0,79841.1806971391,79.84118069713911,71662.0,71.662,164216.75,164.21675,221686.1,221.6861
B2,2,500m,500Mi,50,304.3333333333333,304.3333333333333,304.3333333333333,18260.0,85208.0964950712,85.20809649507119,77115.0,77.115,168713.34999999998,168.71334999999996,225883.96999999997,225.88396999999998
B2,2,500m,500Mi,50,305.76666666666665,305.76666666666665,305.76666666666665,18346.0,73188.89049384062,73.18889049384062,65263.5,65.2635,153574.0,153.574,206194.6,206.1946
B2,2,500m,500Mi,50,306.7,306.7,306.7,18402.0,76051.52450820564,76.05152450820563,68235.5,68.2355,155869.25000000003,155.86925000000002,209443.97,209.44397
B2,2,500m,500Mi,50,306.9833333333333,306.9833333333333,306.9833333333333,18419.0,75283.27314186438,75.28327314186438,66505.0,66.505,159287.09999999986,159.28709999999987,236833.81999999992,236.83381999999992
B2,2,500m,500Mi,50,307.5833333333333,307.5833333333333,307.5833333333333,18455.0,74232.8600379301,74.23286003793011,64293.0,64.293,156581.19999999998,156.5812,265502.9199999999,265.5029199999999
B2,2,500m,500Mi,50,308.03333333333336,308.03333333333336,308.03333333333336,18482.0,73545.04117519749,73.5450411751975,66196.0,66.196,148496.35,148.49635,222655.90999999965,222.65590999999966
B2,2,500m,500Mi,50,309.03333333333336,309.03333333333336,309.03333333333336,18542.0,73103.7991047352,73.1037991047352,65071.0,65.071,153430.65,153.43064999999999,214172.5600000001,214.17256000000012
B2,2,500m,500Mi,50,309.21666666666664,309.21666666666664,309.21666666666664,18553.0,78575.179701396,78.575179701396,68936.0,68.936,164486.99999999985,164.48699999999985,231556.96,231.55696
B2,2,500m,500Mi,50,310.0,310.0,310.0,18600.0,74912.94827956989,74.91294827956989,68164.5,68.1645,148695.5,148.6955,201224.91999999905,201.22491999999906
B2,2,500m,500Mi,50,310.8666666666667,310.8666666666667,310.8666666666667,18652.0,72526.47737508042,72.52647737508042,65440.5,65.4405,146480.0,146.48,204414.63000000012,204.41463000000013
B2,2,500m,500Mi,50,311.6666666666667,311.6666666666667,311.6666666666667,18700.0,78857.55818181818,78.85755818181818,69781.5,69.7815,163651.6499999999,163.6516499999999,234728.1899999998,234.72818999999978
B2,2,500m,500Mi,50,311.8833333333333,311.8833333333333,311.8833333333333,18713.0,82040.74066157217,82.04074066157217,71085.0,71.085,169677.19999999987,169.67719999999986,255312.84000000067,255.31284000000068
B2,2,500m,500Mi,50,312.21666666666664,312.21666666666664,312.21666666666664,18733.0,78983.91885976619,78.98391885976619,70823.0,70.823,162883.5999999997,162.8835999999997,223158.8000000001,223.1588000000001
B2,2,500m,500Mi,50,313.7333333333333,313.7333333333333,313.7333333333333,18824.0,75418.11368465789,75.41811368465788,66800.5,66.8005,161152.59999999986,161.15259999999986,231257.5400000002,231.2575400000002
B2,2,500m,500Mi,50,314.21666666666664,314.21666666666664,314.21666666666664,18853.0,79402.73272158277,79.40273272158277,72354.0,72.354,159803.19999999998,159.80319999999998,218310.63999999987,218.31063999999986
B2,2,500m,500Mi,50,314.45,314.45,314.45,18867.0,75576.98987650395,75.57698987650396,66989.0,66.989,157480.00000000003,157.48000000000002,227110.92000000004,227.11092000000005
B2,2,500m,500Mi,50,315.05,315.05,315.05,18903.0,76354.06977728404,76.35406977728404,66886.0,66.886,159235.99999999985,159.23599999999985,247291.17999999985,247.29117999999985
B2,2,500m,500Mi,50,315.46666666666664,315.46666666666664,315.46666666666664,18928.0,76132.67503169907,76.13267503169907,67950.5,67.9505,156711.04999999993,156.71104999999994,212507.29999999987,212.50729999999987
B2,2,500m,500Mi,50,315.4833333333333,315.4833333333333,315.4833333333333,18929.0,70438.4545406519,70.4384545406519,62204.0,62.204,149641.3999999999,149.64139999999992,212793.04000000007,212.79304000000008
B2,2,500m,500Mi,50,315.51666666666665,315.51666666666665,315.51666666666665,18931.0,73306.9599070308,73.3069599070308,65476.0,65.476,153405.0,153.405,208550.20000000013,208.55020000000013
B2,2,500m,500Mi,50,316.03333333333336,316.03333333333336,316.03333333333336,18962.0,74778.57377913722,74.77857377913722,65785.0,65.785,152158.95,152.15895,249372.0899999998,249.3720899999998
B2,2,500m,500Mi,50,316.76666666666665,316.76666666666665,316.76666666666665,19006.0,75121.21508997159,75.1212150899716,65639.5,65.6395,154083.0,154.083,239458.5000000012,239.45850000000118
B2,2,500m,500Mi,50,327.96666666666664,327.96666666666664,327.96666666666664,19678.0,68741.56199817054,68.74156199817054,61308.0,61.308,145190.05,145.19004999999999,197239.96,197.23996
B3,4,250m,250Mi,25,19.933333333333334,19.933333333333334,19.933333333333334,1196.0,27631.20986622073,27.631209866220733,25749.5,25.7495,46614.25,46.61425,62454.349999999984,62.454349999999984
B3,4,250m,250Mi,25,19.966666666666665,19.966666666666665,19.966666666666665,1198.0,27451.10100166945,27.45110100166945,25958.5,25.9585,44486.74999999991,44.486749999999915,60309.19999999998,60.30919999999998
B3,4,250m,250Mi,25,19.98333333333333,19.98333333333333,19.98333333333333,1199.0,24337.200166805676,24.337200166805676,23065.0,23.065,40232.09999999999,40.23209999999999,62830.71999999978,62.830719999999786
B3,4,250m,250Mi,25,39.766666666666666,39.766666666666666,39.766666666666666,2386.0,31058.06621961442,31.058066219614417,27966.0,27.966,58895.75,58.89575,95046.75,95.04675
B3,4,250m,250Mi,25,39.81666666666667,39.81666666666667,39.81666666666667,2389.0,29568.693177061534,29.568693177061533,27812.0,27.812,56636.4,56.6364,76604.99999999996,76.60499999999996
B3,4,250m,250Mi,25,39.88333333333333,39.88333333333333,39.88333333333333,2393.0,28463.075219389888,28.46307521938989,27339.0,27.339,53883.800000000025,53.88380000000002,76382.47999999997,76.38247999999997
B3,4,250m,250Mi,25,61.85,61.85,61.85,3711.0,29486.29533818378,29.48629533818378,26878.0,26.878,61311.5,61.3115,92951.10000000003,92.95110000000004
B3,4,250m,250Mi,25,61.95,61.95,61.95,3717.0,30899.04277643261,30.89904277643261,28564.0,28.564,62364.199999999975,62.364199999999975,98300.08000000012,98.30008000000012
B3,4,250m,250Mi,25,62.16666666666666,62.16666666666666,62.16666666666666,3730.0,27878.627345844503,27.878627345844503,24242.5,24.2425,60892.99999999997,60.89299999999997,90585.26000000004,90.58526000000003
B3,4,250m,250Mi,25,81.81666666666666,81.81666666666666,81.81666666666666,4909.0,28659.0,28.659,25369.0,25.369,61805.799999999865,61.80579999999986,89659.60000000003,89.65960000000004
B3,4,250m,250Mi,25,81.86666666666666,81.86666666666666,81.86666666666666,4912.0,28509.293566775243,28.50929356677524,22540.5,22.5405,65034.99999999995,65.03499999999995,97546.99000000006,97.54699000000006
B3,4,250m,250Mi,25,82.18333333333334,82.18333333333334,82.18333333333334,4931.0,29061.031839383493,29.061031839383492,25766.0,25.766,62101.5,62.1015,92697.29999999996,92.69729999999996
B3,4,250m,250Mi,25,96.71666666666668,96.71666666666668,96.71666666666668,5803.0,32510.245045666037,32.51024504566604,28830.0,28.83,70210.2,70.2102,100277.81999999996,100.27781999999996
B3,4,250m,250Mi,25,97.0,97.0,97.0,5820.0,31553.30859106529,31.553308591065292,27593.0,27.593,69265.05000000002,69.26505000000002,103293.09000000064,103.29309000000063
B3,4,250m,250Mi,25,97.25,97.25,97.25,5835.0,33058.14087403599,33.05814087403599,28531.0,28.531,72607.7,72.6077,107416.89999999988,107.41689999999988
B3,4,250m,250Mi,25,118.45,118.45,118.45,7107.0,35340.245813986214,35.340245813986215,30255.0,30.255,79789.2,79.7892,106199.19999999988,106.19919999999988
B3,4,250m,250Mi,25,118.51666666666668,118.51666666666668,118.51666666666668,7111.0,33495.780902826606,33.4957809028266,28601.0,28.601,74374.0,74.374,108248.79999999996,108.24879999999996
B3,4,250m,250Mi,25,118.86666666666666,118.86666666666666,118.86666666666666,7132.0,35428.353056646105,35.4283530566461,30759.5,30.7595,75238.04999999999,75.23804999999999,110351.05999999936,110.35105999999936
B3,4,250m,250Mi,25,132.0,132.0,132.0,7920.0,38457.63421717172,38.457634217171716,33183.0,33.183,84607.1,84.6071,123633.24999999984,123.63324999999983
B3,4,250m,250Mi,25,133.13333333333333,133.13333333333333,133.13333333333333,7988.0,34054.06359539309,34.05406359539309,29243.5,29.2435,74901.69999999994,74.90169999999993,107150.25,107.15025
B3,4,250m,250Mi,25,134.83333333333334,134.83333333333334,134.83333333333334,8090.0,36264.19258343634,36.26419258343634,31379.0,31.379,80481.24999999999,80.48124999999999,113617.5399999998,113.6175399999998
B3,4,250m,250Mi,25,149.78333333333333,149.78333333333333,149.78333333333333,8987.0,42004.41637921442,42.00441637921442,35829.0,35.829,92094.9,92.0949,140740.7799999991,140.7407799999991
B3,4,250m,250Mi,25,151.83333333333334,151.83333333333334,151.83333333333334,9110.0,38502.16575192097,38.50216575192097,32576.5,32.5765,87016.29999999999,87.01629999999999,124384.31999999996,124.38431999999996
B3,4,250m,250Mi,25,152.23333333333332,152.23333333333332,152.23333333333332,9134.0,40726.83698270199,40.72683698270199,35374.0,35.374,88168.35,88.16835,130339.09000000004,130.33909000000003
B3,4,250m,250Mi,25,168.93333333333334,168.93333333333334,168.93333333333334,10136.0,52990.53916732439,52.990539167324386,46725.5,46.7255,110223.25,110.22325,168162.44999999987,168.16244999999986
B3,4,250m,250Mi,25,169.45,169.45,169.45,10167.0,51062.0834071014,51.062083407101404,44489.0,44.489,110681.3,110.68130000000001,156745.88000000006,156.74588000000006
B3,4,250m,250Mi,25,170.45,170.45,170.45,10227.0,50806.43346044784,50.80643346044784,44347.0,44.347,109173.79999999989,109.17379999999989,158557.53999999992,158.55753999999993
B3,4,250m,250Mi,25,171.5,171.5,171.5,10290.0,49098.34664723032,49.09834664723032,42443.0,42.443,108285.3,108.2853,153461.46000000005,153.46146000000005
B3,4,250m,250Mi,25,175.26666666666668,175.26666666666668,175.26666666666668,10516.0,45108.44912514264,45.108449125142634,38296.0,38.296,101279.25,101.27925,147078.3000000001,147.0783000000001
B3,4,250m,250Mi,25,175.38333333333333,175.38333333333333,175.38333333333333,10523.0,44458.26152237955,44.45826152237955,38643.0,38.643,99767.69999999998,99.76769999999998,137731.10000000012,137.7311000000001
B3,4,250m,250Mi,25,198.05,198.05,198.05,11883.0,52581.20264243036,52.58120264243036,47507.0,47.507,110330.5,110.3305,144754.2,144.75420000000003
B3,4,250m,250Mi,25,198.46666666666667,198.46666666666667,198.46666666666667,11908.0,55657.29232448774,55.65729232448774,49381.5,49.3815,115873.0,115.873,162704.22000000003,162.70422000000002
B3,4,250m,250Mi,25,199.06666666666663,199.06666666666663,199.06666666666663,11944.0,58380.04922973878,58.38004922973878,52849.5,52.8495,120391.3,120.3913,166473.27999999997,166.47327999999996
B3,4,250m,250Mi,25,200.56666666666663,200.56666666666663,200.56666666666663,12034.0,55758.1477480472,55.7581477480472,50032.5,50.0325,116341.55000000002,116.34155000000001,154461.27000000002,154.46127
B3,4,250m,250Mi,25,202.5,202.5,202.5,12150.0,51444.18164609053,51.444181646090534,45531.0,45.531,107380.04999999992,107.38004999999991,157534.3300000001,157.5343300000001
B3,4,250m,250Mi,25,208.33333333333331,208.33333333333331,208.33333333333331,12500.0,45619.4604,45.6194604,37926.5,37.9265,103751.8,103.7518,153686.99000000002,153.68699
B3,4,250m,250Mi,25,229.95,229.95,229.95,13797.0,65870.23070232659,65.8702307023266,58635.0,58.635,138578.39999999994,138.57839999999993,188932.67999999985,188.93267999999983
B3,4,250m,250Mi,25,232.58333333333331,232.58333333333331,232.58333333333331,13955.0,65132.25109279828,65.13225109279828,57825.0,57.825,142100.59999999998,142.1006,191885.7599999999,191.8857599999999
B3,4,250m,250Mi,25,233.6,233.6,233.6,14016.0,66353.34424942922,66.35334424942923,59358.5,59.3585,135565.0,135.565,188630.05,188.63004999999998
B3,4,250m,250Mi,25,233.76666666666668,233.76666666666668,233.76666666666668,14026.0,65463.97476115785,65.46397476115784,57811.0,57.811,137162.0,137.162,198326.75,198.32675
B3,4,250m,250Mi,25,236.4333333333333,236.4333333333333,236.4333333333333,14186.0,66842.77224023685,66.84277224023685,60075.5,60.0755,136143.75,136.14375,186204.29999999996,186.20429999999996
B3,4,250m,250Mi,25,237.26666666666668,237.26666666666668,237.26666666666668,14236.0,61736.88922450126,61.73688922450126,55835.0,55.835,125349.75,125.34975,165754.1999999999,165.75419999999988
B3,4,250m,250Mi,25,238.1,238.1,238.1,14286.0,60482.65574688506,60.48265574688506,53543.0,53.543,125864.5,125.8645,173934.14999999994,173.93414999999993
B3,4,250m,250Mi,25,238.13333333333333,238.13333333333333,238.13333333333333,14288.0,63295.3122900336,63.2953122900336,55627.5,55.6275,133440.94999999998,133.44095,189691.0199999998,189.69101999999978
B3,4,250m,250Mi,25,241.15,241.15,241.15,14469.0,60589.07512613173,60.589075126131725,53409.0,53.409,124891.39999999994,124.89139999999993,178509.88,178.50988
B3,4,250m,250Mi,25,243.15,243.15,243.15,14589.0,66017.65234080472,66.01765234080472,60632.0,60.632,128488.4,128.48839999999998,170915.63999999966,170.91563999999966
B3,4,250m,250Mi,25,246.9333333333333,246.9333333333333,246.9333333333333,14816.0,60927.70754589633,60.92770754589633,55026.0,55.026,123789.0,123.789,164409.30000000002,164.40930000000003
B3,4,250m,250Mi,25,252.58333333333331,252.58333333333331,252.58333333333331,15155.0,56162.74905971627,56.16274905971627,50023.0,50.023,116586.7,116.5867,155988.75999999986,155.98875999999987
B3,4,250m,250Mi,25,279.05,279.05,279.05,16743.0,88450.46658304964,88.45046658304963,78236.0,78.236,180940.8,180.9408,270944.58,270.94458000000003
B3,4,250m,250Mi,25,279.28333333333336,279.28333333333336,279.28333333333336,16757.0,83847.31198901951,83.8473119890195,75494.0,75.494,169701.59999999983,169.70159999999984,245573.24,245.57324
B3,4,250m,250Mi,25,282.95,282.95,282.95,16977.0,81106.13871708783,81.10613871708783,72559.0,72.559,162391.19999999995,162.39119999999994,233104.32000000088,233.10432000000088
B3,4,250m,250Mi,25,283.56666666666666,283.56666666666666,283.56666666666666,17014.0,83059.95462560245,83.05995462560244,72094.0,72.094,175933.7,175.93370000000002,262765.5099999996,262.7655099999996
B3,4,250m,250Mi,25,284.01666666666665,284.01666666666665,284.01666666666665,17041.0,83052.58717211432,83.05258717211431,74899.0,74.899,168534.0,168.534,228434.1999999997,228.4341999999997
B3,4,250m,250Mi,25,284.8,284.8,284.8,17088.0,90274.87066947564,90.27487066947565,82754.5,82.7545,175148.44999999998,175.14844999999997,229915.64,229.91564000000002
B3,4,250m,250Mi,25,285.26666666666665,285.26666666666665,285.26666666666665,17116.0,82384.02459686843,82.38402459686843,73731.0,73.731,165934.0,165.934,238567.99999999948,238.56799999999947
B3,4,250m,250Mi,25,285.4166666666667,285.4166666666667,285.4166666666667,17125.0,85380.90049635037,85.38090049635036,75425.0,75.425,174805.9999999998,174.80599999999978,270901.5199999996,270.9015199999996
B3,4,250m,250Mi,25,285.51666666666665,285.51666666666665,285.51666666666665,17131.0,78512.01179148912,78.51201179148912,68256.0,68.256,169788.5,169.7885,240029.7000000001,240.0297000000001
B3,4,250m,250Mi,25,285.8833333333333,285.8833333333333,285.8833333333333,17153.0,86053.93371421909,86.0539337142191,78554.0,78.554,167807.0,167.807,227468.63999999987,227.46863999999988
B3,4,250m,250Mi,25,286.5833333333333,286.5833333333333,286.5833333333333,17195.0,85229.52747891829,85.22952747891829,75066.0,75.066,174931.2,174.93120000000002,264824.14,264.82414
B3,4,250m,250Mi,25,287.1166666666667,287.1166666666667,287.1166666666667,17227.0,85768.74081383874,85.76874081383875,78374.0,78.374,168737.19999999995,168.73719999999994,223840.40000000008,223.84040000000007
B3,4,250m,250Mi,25,287.18333333333334,287.18333333333334,287.18333333333334,17231.0,83139.70042365504,83.13970042365504,75863.0,75.863,165792.0,165.792,223587.20000000007,223.58720000000008
B3,4,250m,250Mi,25,287.65,287.65,287.65,17259.0,85331.56799351063,85.33156799351063,77942.0,77.942,169837.39999999997,169.83739999999997,226705.05999999997,226.70505999999997
B3,4,250m,250Mi,25,287.78333333333336,287.78333333333336,287.78333333333336,17267.0,81419.25528464702,81.41925528464702,72328.0,72.328,169195.70000000004,169.19570000000004,229632.78,229.63278
B3,4,250m,250Mi,25,287.8,287.8,287.8,17268.0,85791.07511003011,85.7910751100301,78627.5,78.6275,166684.04999999993,166.68404999999993,222320.65999999925,222.32065999999924
B3,4,250m,250Mi,25,288.46666666666664,288.46666666666664,288.46666666666664,17308.0,91146.34856713658,91.14634856713658,82737.0,82.737,179852.04999999996,179.85204999999996,247284.30000000005,247.28430000000006
B3,4,250m,250Mi,25,288.8333333333333,288.8333333333333,288.8333333333333,17330.0,86604.91488747836,86.60491488747836,79109.5,79.1095,168751.49999999997,168.75149999999996,222359.95999999985,222.35995999999986
B3,4,250m,250Mi,25,289.45,289.45,289.45,17367.0,90871.25571486152,90.87125571486152,80844.0,80.844,184150.30000000005,184.15030000000004,253553.0,253.553
B3,4,250m,250Mi,25,290.18333333333334,290.18333333333334,290.18333333333334,17411.0,82238.27316064556,82.23827316064556,73409.0,73.409,170544.5,170.5445,231250.4,231.25039999999998
B3,4,250m,250Mi,25,290.71666666666664,290.71666666666664,290.71666666666664,17443.0,81646.86355558103,81.64686355558104,72669.0,72.669,166619.59999999998,166.61959999999996,224013.3999999991,224.01339999999908
B3,4,250m,250Mi,25,291.95,291.95,291.95,17517.0,82021.6687789005,82.02166877890049,74305.0,74.305,164581.80000000002,164.58180000000002,221894.8,221.89479999999998
B3,4,250m,250Mi,25,292.21666666666664,292.21666666666664,292.21666666666664,17533.0,73037.05144584498,73.03705144584498,64981.0,64.981,150122.99999999994,150.12299999999993,210445.28000000012,210.4452800000001
B3,4,250m,250Mi,25,293.78333333333336,293.78333333333336,293.78333333333336,17627.0,83010.51239575651,83.0105123957565,76249.0,76.249,160845.80000000002,160.84580000000003,213719.76000000004,213.71976000000004
B3,4,250m,250Mi,25,297.0,297.0,297.0,17820.0,83404.77025813692,83.40477025813692,76033.0,76.033,163244.24999999997,163.24424999999997,217552.68000000005,217.55268000000004
B3,4,250m,250Mi,25,298.05,298.05,298.05,17883.0,75748.16121456132,75.74816121456132,67942.0,67.942,152263.19999999975,152.26319999999976,205125.12000000005,205.12512000000007
B3,4,250m,250Mi,25,302.0833333333333,302.0833333333333,302.0833333333333,18125.0,79062.96507586207,79.06296507586207,71447.0,71.447,156892.8,156.8928,210883.5199999999,210.8835199999999
B4,8,125m,125Mi,12,19.95,19.95,19.95,1197.0,29305.06850459482,29.305068504594818,26756.0,26.756,45654.600000000006,45.65460000000001,107332.52,107.33252
B4,8,125m,125Mi,12,19.98333333333333,19.98333333333333,19.98333333333333,1199.0,27004.012510425357,27.00401251042536,23079.0,23.079,45136.59999999999,45.136599999999994,120756.75999999951,120.75675999999952
B4,8,125m,125Mi,12,20.0,20.0,20.0,1200.0,29884.59083333333,29.884590833333327,27645.5,27.6455,47908.34999999999,47.90834999999999,68156.68,68.15668
B4,8,125m,125Mi,12,39.766666666666666,39.766666666666666,39.766666666666666,2386.0,31569.712908633697,31.569712908633697,28350.5,28.3505,61989.75,61.98975,92648.65000000004,92.64865000000003
B4,8,125m,125Mi,12,39.8,39.8,39.8,2388.0,28997.30904522613,28.99730904522613,26538.0,26.538,59632.000000000015,59.63200000000001,87733.38000000014,87.73338000000014
B4,8,125m,125Mi,12,39.833333333333336,39.833333333333336,39.833333333333336,2390.0,28801.687866108787,28.801687866108786,25625.5,25.6255,58526.09999999995,58.52609999999995,87234.13,87.23413000000001
B4,8,125m,125Mi,12,61.48333333333333,61.48333333333333,61.48333333333333,3689.0,34138.28110599078,34.138281105990785,29070.0,29.07,72384.4,72.3844,109231.55999999992,109.23155999999993
B4,8,125m,125Mi,12,61.73333333333333,61.73333333333333,61.73333333333333,3704.0,33200.28563714903,33.20028563714903,27695.0,27.695,75863.95,75.86395,106029.62999999987,106.02962999999987
B4,8,125m,125Mi,12,61.8,61.8,61.8,3708.0,33265.65075512406,33.26565075512406,28723.5,28.7235,73177.65,73.17765,105932.11999999997,105.93211999999997
B4,8,125m,125Mi,12,81.1,81.1,81.1,4866.0,39252.12885326757,39.25212885326757,34275.0,34.275,84361.0,84.361,113349.80000000072,113.34980000000071
B4,8,125m,125Mi,12,81.18333333333334,81.18333333333334,81.18333333333334,4871.0,38024.406897967565,38.024406897967566,31689.0,31.689,86939.5,86.9395,133033.90000000046,133.03390000000047
B4,8,125m,125Mi,12,81.5,81.5,81.5,4890.0,33911.09406952965,33.91109406952965,28666.0,28.666,75292.05,75.29205,104100.52999999996,104.10052999999995
B4,8,125m,125Mi,12,95.88333333333334,95.88333333333334,95.88333333333334,5753.0,42401.54510690075,42.40154510690075,36900.0,36.9,89424.4,89.42439999999999,134713.71999999974,134.71371999999974
B4,8,125m,125Mi,12,96.36666666666666,96.36666666666666,96.36666666666666,5782.0,39829.37426496022,39.82937426496022,33239.5,33.2395,91145.79999999992,91.14579999999991,126558.84999999987,126.55884999999988
B4,8,125m,125Mi,12,96.58333333333331,96.58333333333331,96.58333333333331,5795.0,38579.46350301985,38.579463503019845,33779.0,33.779,82598.20000000001,82.5982,115293.72000000004,115.29372000000005
B4,8,125m,125Mi,12,116.71666666666668,116.71666666666668,116.71666666666668,7003.0,49200.40354133942,49.200403541339426,42680.0,42.68,105510.69999999998,105.51069999999999,152535.4199999999,152.5354199999999
B4,8,125m,125Mi,12,116.83333333333331,116.83333333333331,116.83333333333331,7010.0,47017.25877318117,47.017258773181176,40371.0,40.371,103080.55,103.08055,149758.2,149.75820000000002
B4,8,125m,125Mi,12,118.11666666666666,118.11666666666666,118.11666666666666,7087.0,43930.30478340624,43.930304783406235,37511.0,37.511,95890.5,95.8905,135435.32000000004,135.43532000000005
B4,8,125m,125Mi,12,130.81666666666666,130.81666666666666,130.81666666666666,7849.0,45883.41903427188,45.88341903427188,38817.0,38.817,99320.59999999996,99.32059999999996,149478.27999999953,149.47827999999953
B4,8,125m,125Mi,12,131.15,131.15,131.15,7869.0,55543.7871394078,55.543787139407804,47307.0,47.307,125149.0,125.149,196025.8799999999,196.0258799999999
B4,8,125m,125Mi,12,133.85,133.85,133.85,8031.0,48488.95666791184,48.48895666791184,41492.0,41.492,105740.5,105.7405,152391.5,152.3915
B4,8,125m,125Mi,12,145.75,145.75,145.75,8745.0,59150.706232132645,59.15070623213264,52276.0,52.276,123739.4,123.73939999999999,181586.87999999995,181.58687999999995
B4,8,125m,125Mi,12,146.6,146.6,146.6,8796.0,59854.55798090041,59.85455798090041,52518.5,52.5185,127295.25,127.29525,178411.99999999962,178.4119999999996
B4,8,125m,125Mi,12,148.66666666666666,148.66666666666666,148.66666666666666,8920.0,55486.96020179372,55.48696020179372,47952.0,47.952,122893.19999999998,122.89319999999998,172080.93999999986,172.08093999999986
B4,8,125m,125Mi,12,164.96666666666667,164.96666666666667,164.96666666666667,9898.0,75128.78076379067,75.12878076379067,64240.0,64.24,163775.04999999996,163.77504999999996,247125.37000000055,247.12537000000054
B4,8,125m,125Mi,12,166.93333333333334,166.93333333333334,166.93333333333334,10016.0,69170.07198482429,69.17007198482429,60999.5,60.9995,146906.5,146.9065,206590.20000000016,206.59020000000015
B4,8,125m,125Mi,12,167.66666666666666,167.66666666666666,167.66666666666666,10060.0,71093.29880715706,71.09329880715705,59013.5,59.0135,164426.29999999987,164.42629999999988,241910.02,241.91002
B4,8,125m,125Mi,12,168.03333333333333,168.03333333333333,168.03333333333333,10082.0,69273.49980162666,69.27349980162666,57820.5,57.8205,154809.29999999993,154.80929999999992,266986.5800000009,266.9865800000009
B4,8,125m,125Mi,12,169.25,169.25,169.25,10155.0,65712.04716888233,65.71204716888234,56946.0,56.946,144598.49999999997,144.59849999999997,204320.23999999964,204.32023999999964
B4,8,125m,125Mi,12,170.46666666666667,170.46666666666667,170.46666666666667,10228.0,72006.1343371138,72.0061343371138,60894.0,60.894,169416.59999999995,169.41659999999996,248062.46999999988,248.06246999999988
B4,8,125m,125Mi,12,191.65,191.65,191.65,11499.0,93049.8510305244,93.0498510305244,80293.0,80.293,204127.7,204.1277,281745.36000000016,281.7453600000002
B4,8,125m,125Mi,12,192.9333333333333,192.9333333333333,192.9333333333333,11576.0,79913.0091568763,79.9130091568763,69984.5,69.9845,167222.75,167.22275,229707.0,229.707
B4,8,125m,125Mi,12,193.4,193.4,193.4,11604.0,94694.98276456396,94.69498276456396,81793.0,81.793,209823.4,209.8234,303971.86999999994,303.9718699999999
B4,8,125m,125Mi,12,197.0,197.0,197.0,11820.0,84602.99686971235,84.60299686971236,72435.5,72.4355,188793.54999999996,188.79354999999995,288053.01999999967,288.05301999999966
B4,8,125m,125Mi,12,197.06666666666663,197.06666666666663,197.06666666666663,11824.0,86736.37077131259,86.7363707713126,76890.0,76.89,183975.65000000005,183.97565000000006,253305.6300000005,253.3056300000005
B4,8,125m,125Mi,12,200.13333333333333,200.13333333333333,200.13333333333333,12008.0,89693.51032644903,89.69351032644903,73752.0,73.752,214207.8,214.2078,323209.41000000003,323.20941000000005
B4,8,125m,125Mi,12,225.25,225.25,225.25,13515.0,136336.4261191269,136.3364261191269,109723.0,109.723,331205.3999999999,331.2053999999999,540064.2200000003,540.0642200000003
B4,8,125m,125Mi,12,227.75,227.75,227.75,13665.0,119500.31518477864,119.50031518477864,101437.0,101.437,263635.99999999977,263.63599999999974,367540.16000000015,367.5401600000001
B4,8,125m,125Mi,12,230.1,230.1,230.1,13806.0,123887.82659713169,123.88782659713169,109569.0,109.569,255123.25,255.12325,334687.8500000004,334.68785000000037
B4,8,125m,125Mi,12,230.9833333333333,230.9833333333333,230.9833333333333,13859.0,121006.78440002886,121.00678440002886,103261.0,103.261,269410.29999999976,269.4102999999998,371310.4,371.3104
B4,8,125m,125Mi,12,232.28333333333333,232.28333333333333,232.28333333333333,13937.0,107704.32639735956,107.70432639735957,90244.0,90.244,246271.8,246.27179999999998,360481.2799999986,360.48127999999855
B4,8,125m,125Mi,12,232.56666666666663,232.56666666666663,232.56666666666663,13954.0,127846.023864125,127.846023864125,106610.0,106.61,300041.2999999997,300.0412999999997,463541.5199999992,463.5415199999992
B4,8,125m,125Mi,12,234.91666666666663,234.91666666666663,234.91666666666663,14095.0,129901.55757360766,129.90155757360765,112260.0,112.26,292720.69999999995,292.72069999999997,414350.8799999993,414.3508799999993
B4,8,125m,125Mi,12,235.26666666666668,235.26666666666668,235.26666666666668,14116.0,134770.20891187305,134.77020891187306,116161.0,116.161,291753.0,291.753,428717.3,428.71729999999997
B4,8,125m,125Mi,12,235.58333333333331,235.58333333333331,235.58333333333331,14135.0,130722.48164131588,130.72248164131588,106396.0,106.396,304543.49999999994,304.54349999999994,417851.5399999999,417.85153999999994
B4,8,125m,125Mi,12,236.8,236.8,236.8,14208.0,134206.0292088964,134.20602920889638,114675.0,114.675,301387.05,301.38705,425361.75000000006,425.3617500000001
B4,8,125m,125Mi,12,242.78333333333333,242.78333333333333,242.78333333333333,14567.0,137111.59710304113,137.11159710304113,116307.0,116.307,309792.49999999977,309.7924999999998,469376.7800000001,469.3767800000001
B4,8,125m,125Mi,12,245.33333333333331,245.33333333333331,245.33333333333331,14720.0,147997.29239130433,147.99729239130434,125909.5,125.9095,320905.85,320.90585,465770.1499999994,465.7701499999994
B4,8,125m,125Mi,12,253.15,253.15,253.15,15189.0,199786.05642241097,199.78605642241098,168834.0,168.834,446585.3999999998,446.58539999999977,584493.1999999993,584.4931999999992
B4,8,125m,125Mi,12,253.55,253.55,253.55,15213.0,188662.1076710708,188.6621076710708,150713.0,150.713,463784.0,463.784,675319.1599999995,675.3191599999994
B4,8,125m,125Mi,12,254.65,254.65,254.65,15279.0,230935.60115190785,230.93560115190783,191025.0,191.025,556158.6999999994,556.1586999999994,793571.6399999999,793.5716399999999
B4,8,125m,125Mi,12,255.36666666666667,255.36666666666667,255.36666666666667,15322.0,252034.89642344345,252.03489642344346,200591.0,200.591,603298.4499999996,603.2984499999995,856276.6899999978,856.2766899999979
B4,8,125m,125Mi,12,255.46666666666667,255.46666666666667,255.46666666666667,15328.0,226336.59616388308,226.3365961638831,190314.5,190.3145,518640.6,518.6406,708274.9699999997,708.2749699999997
B4,8,125m,125Mi,12,255.76666666666668,255.76666666666668,255.76666666666668,15346.0,246068.85351231592,246.0688535123159,190236.5,190.2365,575947.75,575.94775,1343079.0999999982,1343.0790999999983
B4,8,125m,125Mi,12,256.46666666666664,256.46666666666664,256.46666666666664,15388.0,202191.60599168183,202.19160599168183,165663.5,165.6635,474306.4999999999,474.30649999999986,688878.9599999983,688.8789599999983
B4,8,125m,125Mi,12,256.81666666666666,256.81666666666666,256.81666666666666,15409.0,207474.7840223246,207.4747840223246,172015.0,172.015,483586.1999999992,483.5861999999992,821833.0800000001,821.8330800000001
B4,8,125m,125Mi,12,257.4,257.4,257.4,15444.0,195088.9878917379,195.0889878917379,168157.5,168.1575,425835.6,425.8356,609227.7899999997,609.2277899999997
B4,8,125m,125Mi,12,257.75,257.75,257.75,15465.0,192975.05282896865,192.97505282896864,156655.0,156.655,459046.1999999999,459.0461999999999,753605.4400000006,753.6054400000006
B4,8,125m,125Mi,12,257.81666666666666,257.81666666666666,257.81666666666666,15469.0,203634.0863662809,203.6340863662809,178725.0,178.725,432340.2,432.34020000000004,625397.84,625.39784
B4,8,125m,125Mi,12,257.85,257.85,257.85,15471.0,208751.7377027988,208.7517377027988,165968.0,165.968,514891.5,514.8915,805247.2999999984,805.2472999999984
B4,8,125m,125Mi,12,257.8666666666667,257.8666666666667,257.8666666666667,15472.0,237224.07413391932,237.22407413391932,206377.5,206.3775,519149.5499999998,519.1495499999999,679058.1999999998,679.0581999999998
B4,8,125m,125Mi,12,257.96666666666664,257.96666666666664,257.96666666666664,15478.0,209893.20506525392,209.8932050652539,177516.0,177.516,480587.7,480.5877,629961.1699999999,629.9611699999999
B4,8,125m,125Mi,12,258.18333333333334,258.18333333333334,258.18333333333334,15491.0,223339.39100122653,223.33939100122652,178157.0,178.157,543071.5,543.0715,752466.3000000002,752.4663000000002
B4,8,125m,125Mi,12,258.28333333333336,258.28333333333336,258.28333333333336,15497.0,254718.0633671033,254.71806336710333,202828.0,202.828,618264.7999999986,618.2647999999987,1021064.76,1021.06476
B4,8,125m,125Mi,12,258.53333333333336,258.53333333333336,258.53333333333336,15512.0,180378.2401366684,180.3782401366684,142947.0,142.947,453612.04999999976,453.6120499999998,640672.2299999988,640.6722299999988
B4,8,125m,125Mi,12,259.01666666666665,259.01666666666665,259.01666666666665,15541.0,210033.81481243164,210.03381481243164,167054.0,167.054,516207.0,516.207,727321.2000000007,727.3212000000007
B4,8,125m,125Mi,12,259.31666666666666,259.31666666666666,259.31666666666666,15559.0,205170.1767787133,205.1701767787133,172505.5,172.5055,468656.39999999997,468.65639999999996,660403.81,660.40381
B4,8,125m,125Mi,12,259.65,259.65,259.65,15579.0,215460.1059118044,215.4601059118044,178797.0,178.797,495031.4999999997,495.0314999999997,800268.0399999989,800.2680399999989
B4,8,125m,125Mi,12,259.7,259.7,259.7,15582.0,237923.43710691825,237.92343710691824,187214.5,187.2145,599458.1999999994,599.4581999999994,782971.2900000005,782.9712900000005
B4,8,125m,125Mi,12,259.96666666666664,259.96666666666664,259.96666666666664,15598.0,185668.1087959995,185.6681087959995,157557.0,157.557,414510.95,414.51095000000004,589161.6100000002,589.1616100000002
B4,8,125m,125Mi,12,260.0,260.0,242.78,15600.0,190854.3251923077,190.8543251923077,155115.0,155.115,459486.9,459.48690000000005,639305.2600000001,639.3052600000001
B4,8,125m,125Mi,12,261.9166666666667,261.9166666666667,261.9166666666667,15715.0,216962.2123448934,216.9622123448934,186947.0,186.947,483374.5,483.3745,621334.3600000001,621.3343600000001
B4,8,125m,125Mi,12,262.0833333333333,262.0833333333333,262.0833333333333,15725.0,213437.4106200318,213.43741062003178,169486.0,169.486,518737.1999999999,518.7371999999999,887052.1600000004,887.0521600000004
B4,8,125m,125Mi,12,264.3666666666667,264.3666666666667,264.3666666666667,15862.0,186056.0498045644,186.0560498045644,160219.5,160.2195,405795.5,405.7955,590195.5199999996,590.1955199999995
B5,10,100m,100Mi,10,20.0,20.0,20.0,1200.0,23921.802777777775,23.921802777777774,22515.5,22.5155,39485.78333333333,39.48578333333333,58862.04666666661,58.86204666666661
B5,10,100m,100Mi,10,39.88333333333333,39.88333333333333,39.88333333333333,2393.0,29038.288758880062,29.03828875888006,27051.0,27.051,57187.4,57.187400000000004,78411.23999999999,78.41123999999999
B5,10,100m,100Mi,10,39.9,39.9,39.9,2394.0,22784.135338345863,22.784135338345862,19442.0,19.442,48235.74999999998,48.23574999999998,69399.97000000002,69.39997000000001
B5,10,100m,100Mi,10,39.91666666666666,39.91666666666666,39.91666666666666,2395.0,29201.51482254697,29.201514822546972,26680.0,26.68,58197.8,58.1978,80023.12,80.02311999999999
B5,10,100m,100Mi,10,61.96666666666667,61.96666666666667,61.96666666666667,3718.0,32082.95131791285,32.08295131791285,27725.0,27.725,68290.6,68.29060000000001,94347.19999999998,94.34719999999999
B5,10,100m,100Mi,10,62.11666666666667,62.11666666666667,62.11666666666667,3727.0,29038.84545210625,29.038845452106248,22568.0,22.568,68019.59999999999,68.0196,100325.89999999997,100.32589999999996
B5,10,100m,100Mi,10,62.18333333333333,62.18333333333333,62.18333333333333,3731.0,35255.33208255159,35.25533208255159,31264.0,31.264,76161.5,76.1615,102256.3,102.2563
B5,10,100m,100Mi,10,82.15,82.15,82.15,4929.0,32274.763643741124,32.274763643741124,27424.0,27.424,72153.0,72.153,104173.12000000013,104.17312000000013
B5,10,100m,100Mi,10,82.55,82.55,82.55,4953.0,33601.86291136684,33.601862911366844,28312.5,28.3125,74893.29999999996,74.89329999999995,106135.3199999998,106.13531999999981
B5,10,100m,100Mi,10,97.53333333333332,97.53333333333332,97.53333333333332,5852.0,36241.58287764867,36.24158287764867,29894.0,29.894,81923.59999999999,81.9236,133866.47999999986,133.86647999999985
B5,10,100m,100Mi,10,97.56666666666666,97.56666666666666,97.56666666666666,5854.0,36841.57567475231,36.84157567475231,31075.0,31.075,79376.45,79.37644999999999,114757.86000000006,114.75786000000006
B5,10,100m,100Mi,10,98.08333333333331,98.08333333333331,98.08333333333331,5885.0,38078.47527612574,38.078475276125744,32582.0,32.582,86146.40000000002,86.14640000000003,120090.03999999996,120.09003999999996
B5,10,100m,100Mi,10,119.91666666666669,119.91666666666669,119.91666666666669,7195.0,39787.813064628215,39.78781306462822,32672.0,32.672,92531.49999999996,92.53149999999995,130890.03999999978,130.89003999999977
B5,10,100m,100Mi,10,120.18333333333334,120.18333333333334,120.18333333333334,7211.0,46508.9450838996,46.5089450838996,38600.0,38.6,106143.5,106.1435,167155.1999999999,167.1551999999999
B5,10,100m,100Mi,10,120.55,120.55,120.55,7233.0,41882.28840038712,41.882288400387125,34951.0,34.951,96981.0,96.981,144271.44000000018,144.27144000000018
B5,10,100m,100Mi,10,136.36666666666667,136.36666666666667,136.36666666666667,8182.0,50434.25641652408,50.43425641652408,43440.0,43.44,110901.5,110.9015,158689.27999999988,158.68927999999988
B5,10,100m,100Mi,10,136.95,136.95,136.95,8217.0,45373.17865400998,45.373178654009976,37463.0,37.463,106469.8,106.4698,162274.56000000006,162.27456000000006
B5,10,100m,100Mi,10,137.06666666666666,137.06666666666666,137.06666666666666,8224.0,50091.54182879377,50.09154182879377,42719.5,42.7195,112781.54999999994,112.78154999999994,157087.31,157.08731
B5,10,100m,100Mi,10,156.26666666666668,156.26666666666668,156.26666666666668,9376.0,54117.59012372014,54.11759012372014,45077.5,45.0775,121564.75,121.56475,188729.0,188.729
B5,10,100m,100Mi,10,158.26666666666668,158.26666666666668,158.26666666666668,9496.0,51391.88447767481,51.39188447767481,42780.5,42.7805,115298.625,115.298625,172406.3249999996,172.4063249999996
B5,10,100m,100Mi,10,182.1833333333333,182.1833333333333,182.1833333333333,10931.0,64185.07007593084,64.18507007593084,54712.0,54.712,145968.0,145.968,208278.20000000013,208.27820000000014
B5,10,100m,100Mi,10,183.4833333333333,183.4833333333333,183.4833333333333,11009.0,68668.53247343082,68.66853247343083,59319.0,59.319,155386.0,155.386,212676.84000000003,212.67684000000003
B5,10,100m,100Mi,10,184.61666666666667,184.61666666666667,184.61666666666667,11077.0,61298.14480454997,61.29814480454997,52157.0,52.157,137937.79999999987,137.93779999999987,186594.28,186.59428
B5,10,100m,100Mi,10,185.1833333333333,185.1833333333333,185.1833333333333,11111.0,68327.54225542255,68.32754225542256,53596.0,53.596,172399.0,172.399,299527.3999999998,299.5273999999998
B5,10,100m,100Mi,10,186.58333333333331,186.58333333333331,186.58333333333331,11195.0,68429.23733809736,68.42923733809735,59069.0,59.069,146802.39999999997,146.80239999999998,227952.53999999963,227.95253999999963
B5,10,100m,100Mi,10,186.9,186.9,186.9,11214.0,72127.26877117889,72.12726877117889,61919.5,61.9195,160816.0,160.816,236965.23000000065,236.96523000000064
B5,10,100m,100Mi,10,196.4333333333333,196.4333333333333,196.4333333333333,11786.0,80350.67147463092,80.35067147463091,67662.0,67.662,183743.75,183.74375,253052.84999999995,253.05284999999995
B5,10,100m,100Mi,10,204.33333333333331,204.33333333333331,204.33333333333331,12260.0,90493.95342577487,90.49395342577488,75701.0,75.701,205053.1,205.0531,328684.4599999998,328.6844599999998
B5,10,100m,100Mi,10,205.4333333333333,205.4333333333333,205.4333333333333,12326.0,90165.46803504786,90.16546803504787,75660.0,75.66,198800.5,198.8005,321029.5,321.0295
B5,10,100m,100Mi,10,219.7333333333333,219.7333333333333,219.7333333333333,13184.0,95064.5724362864,95.0645724362864,76429.5,76.4295,234945.99999999924,234.94599999999923,330132.01000000007,330.1320100000001
B5,10,100m,100Mi,10,222.85,222.85,222.85,13371.0,85528.67855807344,85.52867855807344,69281.0,69.281,209642.0,209.642,301142.6999999995,301.1426999999995
B5,10,100m,100Mi,10,223.46666666666667,223.46666666666667,223.46666666666667,13408.0,95175.39431682578,95.17539431682579,74552.5,74.5525,250502.85,250.50285,368561.41000000027,368.56141000000025
B5,10,100m,100Mi,10,255.33333333333331,255.33333333333331,255.33333333333331,15320.0,183447.9484986945,183.4479484986945,144644.5,144.6445,467352.4999999992,467.35249999999917,679877.8599999998,679.8778599999997
B5,10,100m,100Mi,10,257.25,257.25,257.25,15435.0,184034.9208292841,184.0349208292841,142119.0,142.119,462988.7,462.9887,655873.6599999998,655.8736599999997
B5,10,100m,100Mi,10,257.85,257.85,257.85,15471.0,214261.17917393835,214.26117917393836,169064.0,169.064,583855.5,583.8555,886445.3999999996,886.4453999999996
B5,10,100m,100Mi,10,257.8833333333333,257.8833333333333,257.8833333333333,15473.0,181098.20306340075,181.09820306340075,143673.0,143.673,444104.79999999993,444.10479999999995,661824.9200000004,661.8249200000004
B5,10,100m,100Mi,10,258.2,258.2,258.2,15492.0,155012.03679318356,155.01203679318357,112127.5,112.1275,423528.7499999999,423.5287499999999,683388.6400000004,683.3886400000004
B5,10,100m,100Mi,10,258.3,258.3,258.3,15498.0,162881.43863724353,162.88143863724352,131847.0,131.847,399866.55,399.86654999999996,528250.5900000001,528.2505900000001
B5,10,100m,100Mi,10,258.3833333333333,258.3833333333333,258.3833333333333,15503.0,196245.49983874089,196.2454998387409,155117.0,155.117,504505.3999999999,504.5053999999999,691241.6399999999,691.2416399999998
B5,10,100m,100Mi,10,258.4166666666667,258.4166666666667,258.4166666666667,15505.0,170079.4294098678,170.0794294098678,132105.0,132.105,443764.4,443.7644,668089.8799999999,668.0898799999999
B5,10,100m,100Mi,10,258.75,258.75,258.75,15525.0,175983.18247987118,175.98318247987118,145642.0,145.642,431438.1999999999,431.4381999999999,580403.8400000001,580.4038400000001
B5,10,100m,100Mi,10,259.31666666666666,259.31666666666666,259.31666666666666,15559.0,159521.52464811364,159.52152464811365,120537.0,120.537,388811.19999999984,388.8111999999998,999188.9400000002,999.1889400000002
B5,10,100m,100Mi,10,259.93333333333334,259.93333333333334,259.93333333333334,15596.0,200361.6459348551,200.3616459348551,161610.0,161.61,481405.0,481.405,752137.3499999995,752.1373499999995
B5,10,100m,100Mi,10,260.6666666666667,260.6666666666667,260.6666666666667,15640.0,184421.66969309465,184.42166969309466,139019.5,139.0195,495384.8999999994,495.3848999999994,818269.6100000001,818.2696100000001
B5,10,100m,100Mi,10,276.96666666666664,276.96666666666664,276.96666666666664,16618.0,266812.98916837166,266.81298916837164,222574.0,222.574,629527.4,629.5274000000001,923535.7199999988,923.5357199999988
B5,10,100m,100Mi,10,278.65,278.65,278.65,16719.0,504764.3613254381,504.7643613254381,410327.0,410.327,1244606.5,1244.6065,1552002.86,1552.00286
B5,10,100m,100Mi,10,279.06666666666666,279.06666666666666,279.06666666666666,16744.0,386022.1337195413,386.02213371954133,302599.5,302.5995,1011552.85,1011.5528499999999,1222599.01,1222.59901
B5,10,100m,100Mi,10,279.3333333333333,279.3333333333333,279.3333333333333,16760.0,342612.0047732697,342.6120047732697,275239.0,275.239,872010.85,872.01085,1144273.14,1144.2731399999998
B5,10,100m,100Mi,10,279.3666666666667,279.3666666666667,279.3666666666667,16762.0,400458.62146521895,400.4586214652189,334808.5,334.8085,928295.4499999994,928.2954499999994,1273557.31,1273.5573100000001
B5,10,100m,100Mi,10,279.4166666666667,279.4166666666667,279.4166666666667,16765.0,414882.6048911423,414.8826048911423,334826.0,334.826,1089136.9999999995,1089.1369999999995,1588455.3200000003,1588.4553200000003
B5,10,100m,100Mi,10,280.28333333333336,280.28333333333336,280.28333333333336,16817.0,361685.582624725,361.685582624725,298755.0,298.755,923095.4,923.0954,1122561.52,1122.56152
B5,10,100m,100Mi,10,280.3666666666667,280.3666666666667,280.3666666666667,16822.0,290515.44293187495,290.51544293187493,236501.5,236.5015,740342.8999999998,740.3428999999998,933814.4500000002,933.8144500000002
B5,10,100m,100Mi,10,281.76666666666665,281.76666666666665,281.76666666666665,16906.0,390480.1171181829,390.4801171181829,345233.0,345.233,880000.0,880.0,1105026.0500000005,1105.0260500000006
B5,10,100m,100Mi,10,282.21666666666664,282.21666666666664,282.21666666666664,16933.0,382404.1386641469,382.4041386641469,286138.0,286.138,1020327.3999999998,1020.3273999999998,1347357.72,1347.35772
B5,10,100m,100Mi,10,282.45,282.45,282.45,16947.0,364400.3254263292,364.40032542632923,269830.0,269.83,1020669.7,1020.6696999999999,1232271.32,1232.27132
B5,10,100m,100Mi,10,282.46666666666664,282.46666666666664,282.46666666666664,16948.0,331241.2524781685,331.2412524781685,275298.0,275.298,790668.0499999999,790.6680499999999,1168530.879999999,1168.530879999999
B5,10,100m,100Mi,10,282.8833333333333,282.8833333333333,282.8833333333333,16973.0,419515.61203087255,419.51561203087255,319477.0,319.477,1223656.5999999996,1223.6565999999996,1808470.0399999989,1808.4700399999988
B5,10,100m,100Mi,10,283.1166666666667,283.1166666666667,283.1166666666667,16987.0,274023.7839524342,274.0237839524342,227441.0,227.441,650352.8999999997,650.3528999999996,884286.7199999997,884.2867199999997
B5,10,100m,100Mi,10,283.55,283.55,283.55,17013.0,327101.7952742021,327.10179527420206,290118.0,290.118,717108.6,717.1086,962855.5600000002,962.8555600000002
B5,10,100m,100Mi,10,283.6666666666667,283.6666666666667,283.6666666666667,17020.0,254177.8047003525,254.1778047003525,205300.5,205.3005,597835.35,597.83535,1094500.360000003,1094.500360000003
B5,10,100m,100Mi,10,284.0833333333333,284.0833333333333,284.0833333333333,17045.0,444684.5216192432,444.6845216192432,355470.0,355.47,1112643.9999999998,1112.6439999999998,1608706.9200000002,1608.70692
B5,10,100m,100Mi,10,284.56666666666666,284.56666666666666,284.56666666666666,17074.0,475373.7356214127,475.3737356214127,368779.5,368.7795,1286741.4499999983,1286.7414499999984,1810235.55,1810.23555
B5,10,100m,100Mi,10,285.25,285.25,285.25,17115.0,442172.0150160678,442.17201501606775,345924.0,345.924,1096345.7999999996,1096.3457999999996,1882055.92,1882.05592
B5,10,100m,100Mi,10,285.3333333333333,285.3333333333333,285.3333333333333,17120.0,347030.6714953271,347.0306714953271,281345.5,281.3455,927567.2999999992,927.5672999999992,1234432.220000001,1234.4322200000008
B5,10,100m,100Mi,10,285.56666666666666,285.56666666666666,285.56666666666666,17134.0,331461.90113225166,331.4619011322517,247756.0,247.756,891438.1499999993,891.4381499999993,1175599.929999999,1175.599929999999
B5,10,100m,100Mi,10,285.7,285.7,285.7,17142.0,306214.45128923113,306.21445128923114,241658.5,241.6585,800384.8499999995,800.3848499999995,1134176.54,1134.17654
B5,10,100m,100Mi,10,285.71666666666664,285.71666666666664,285.71666666666664,17143.0,487741.8126348947,487.7418126348947,370063.0,370.063,1326731.0999999996,1326.7310999999995,1710213.239999998,1710.213239999998
B5,10,100m,100Mi,10,287.0833333333333,287.0833333333333,287.0833333333333,17225.0,334008.42484760523,334.0084248476052,255860.0,255.86,1010565.5999999996,1010.5655999999997,1478690.039999999,1478.690039999999
B5,10,100m,100Mi,10,287.8666666666667,287.8666666666667,287.8666666666667,17272.0,386097.55697081983,386.0975569708198,315225.0,315.225,984558.2000000004,984.5582000000004,1356397.4500000037,1356.3974500000036
B5,10,100m,100Mi,10,290.45,290.45,290.45,17427.0,296468.44746657484,296.46844746657484,244030.0,244.03,701563.2000000002,701.5632000000002,1005943.02,1005.94302
B5,10,100m,100Mi,10,290.76666666666665,290.76666666666665,290.76666666666665,17446.0,379706.0879857847,379.7060879857847,290856.0,290.856,990867.75,990.86775,1366568.0499999989,1366.568049999999
